ID,Topic,Summary,Description,Topic_en,Summary_en,Description_en,Embedded_link,context
AD_01,Địa chỉ và liên hệ,"Cách thức liên hệ, văn phòng, email, số điện thoại, website, các kênh liên lạc khác của công ty, địa chỉ, tên của công ty","Công ty GeneStory:
- Địa chỉ: Tòa nhà văn phòng Symphony, Đường Chu Huy Mân, KĐT sinh thái Vinhomes Riverside, Phường Phúc Lợi, Quận Long Biên, Thành phố Hà Nội, Việt Nam
- Văn phòng liên hệ: Tầng 8, Toà nhà Century, Khu đô thị Times City, 458 Minh Khai, Hai Bà Trưng, Hà Nội
- Email: support@genestory.ai
- Hotline: 1800 888 680
- Website: [GeneStory](https://genestory.ai)",Address and contact,"Contact method, office, email, phone number, website, other company communication channels, address, company name","GeneStory Company:
- Address: Symphony Office Building, Chu Huy Man Street, Vinhomes Riverside Ecological Urban Area, Phuc Loi Ward, Long Bien District, Hanoi City, Vietnam
- Contact office: 8th Floor, Century Building, Times City Urban Area, 458 Minh Khai, Hai Ba Trung, Hanoi
- Email: support@genestory.ai
- Hotline: 1800 888 680
- Website: [GeneStory](https://genestory.ai)",https://www.google.com/maps/embed?pb=!1m18!1m12!1m3!1d3724.868256076736!2d105.86583201520843!3d20.99791748601518!2m3!1f0!2f0!3f0!3m2!1i1024!2i768!4f13.1!3m3!1m2!1s0x3135ad64eb34861b%3A0xa1fdbb5521b6e288!2sBig%20Data%20Institute%20-%20Vingroup!5e0!3m2!1svi!2s!4v1590487059318!5m2!1svi!2s,"Topic: Địa chỉ và liên hệ
Summary: Cách thức liên hệ, văn phòng,Tiến sỹ Đào Đức Minh, Co-Founder, Đồng sáng lập của công ty GeneStory, số điện thoại, website, các kênh liên lạc khác của công ty, địa chỉ, tên của công ty
Description: Công ty GeneStory:
- Địa chỉ: Tòa nhà văn phòng Symphony, Đường Chu Huy Mân, KĐT sinh thái Vinhomes Riverside, Phường Phúc Lợi, Quận Long Biên, Thành phố Hà Nội, Việt Nam
- Văn phòng liên hệ: Tầng 8, Toà nhà Century, Khu đô thị Times City, 458 Minh Khai, Hai Bà Trưng, Hà Nội
- Email: support@genestory.ai
- Hotline: 1800 888 680
- Website: [GeneStory](https://genestory.ai)
Embedded Link: https://www.google.com/maps/embed?pb=!1m18!1m12!1m3!1d3724.868256076736!2d105.86583201520843!3d20.99791748601518!2m3!1f0!2f0!3f0!3m2!1i1024!2i768!4f13.1!3m3!1m2!1s0x3135ad64eb34861b%3A0xa1fdbb5521b6e288!2sBig%20Data%20Institute%20-%20Vingroup!5e0!3m2!1svi!2s!4v1590487059318!5m2!1svi!2s"
AC_01,Tài khoản GeneStory,"quên mật khẩu tài khoản, khôi phục mật khẩu, không thể truy cập tài khoản","Nếu bạn quên mật khẩu của mình, bạn có thể sử dụng tính năng khôi phục mật khẩu của chúng tôi. Bạn chỉ cần đăng nhập vào tài khoản của mình và sử dụng dịch vụ khôi phục mật khẩu. Chúng tôi sẽ gửi cho bạn thông tin khôi phục mật khẩu qua email hoặc số điện thoại liên kết với tài khoản của bạn. Nhưng nếu bạn không thể truy cập vào tài khoản của mình, bạn hãy liên hệ ngay với chúng tôi thông qua email support@genestory.ai hoặc đường dây hỗ trợ khách hàng của chúng tôi để được hỗ trợ kịp thời.",GeneStory account,"Forgot account password, recover password, can't access account","If you forget your password, you can use our password recovery feature. You just need to log in to your account and use the password recovery service. We'll send you password recovery information via email or the phone number associated with your account. But if you cannot access your account, please contact us immediately via email support@genestory.ai or our customer support line for timely assistance.",,"Topic: Tài khoản GeneStory
Summary: quên mật khẩu tài khoản, khôi phục mật khẩu, không thể truy cập tài khoản
Description: Nếu bạn quên mật khẩu của mình, bạn có thể sử dụng tính năng khôi phục mật khẩu của chúng tôi. Bạn chỉ cần đăng nhập vào tài khoản của mình và sử dụng dịch vụ khôi phục mật khẩu. Chúng tôi sẽ gửi cho bạn thông tin khôi phục mật khẩu qua email hoặc số điện thoại liên kết với tài khoản của bạn. Nhưng nếu bạn không thể truy cập vào tài khoản của mình, bạn hãy liên hệ ngay với chúng tôi thông qua email support@genestory.ai hoặc đường dây hỗ trợ khách hàng của chúng tôi để được hỗ trợ kịp thời.
Embedded Link: No link provided"
AC_02,Tài khoản GeneStory,Các bước đăng ký tài khoản khách hàng,"Mở tài khoản GeneStory giúp bạn tiếp cận nhiều nội dung khoa học và công nghệ thông tin về chủ đề gene như gen và di truyền. Bạn có thể đăng ký và nhận bản tin để cập nhật các tin tức, nghiên cứu mới nhất và cơ hội hợp tác nghiên cứu từ GeneStory.

Các bước đăng ký tài khoản:
Bước 1: Truy cập trang web GeneStory và nhấp vào nút ""Đăng ký"".
Bước 2: Nhập số điện thoại và chọn đồng ý với các điều khoản dịch vụ.
Bước 3: Nhận mã xác thực qua Zalo hoặc gọi đến hotline 1800888680 để được hỗ trợ xác thực.
Bước 4: Đăng nhập và trải nghiệm dịch vụ của GeneStory.",GeneStory account,Steps to register a customer account,"Opening a GeneStory account helps you access a variety of scientific and technological content on genetic topics such as genes and heredity. You can sign up and receive the newsletter to stay up to date with the latest news, research, and research collaboration opportunities from GeneStory.

Steps to register an account:
Step 1: Go to the GeneStory website and click the ""Register"" button.
Step 2: Enter your phone number and select to agree to the terms of service.
Step 3: Receive authentication code via Zalo or call hotline 1800888680 for authentication support.
Step 4: Log in and experience GeneStory's services.",,"Topic: Tài khoản GeneStory
Summary: Các bước đăng ký tài khoản khách hàng
Description: Mở tài khoản GeneStory giúp bạn tiếp cận nhiều nội dung khoa học và công nghệ thông tin về chủ đề gene như gen và di truyền. Bạn có thể đăng ký và nhận bản tin để cập nhật các tin tức, nghiên cứu mới nhất và cơ hội hợp tác nghiên cứu từ GeneStory.

Các bước đăng ký tài khoản:
Bước 1: Truy cập trang web GeneStory và nhấp vào nút ""Đăng ký"".
Bước 2: Nhập số điện thoại và chọn đồng ý với các điều khoản dịch vụ.
Bước 3: Nhận mã xác thực qua Zalo hoặc gọi đến hotline 1800888680 để được hỗ trợ xác thực.
Bước 4: Đăng nhập và trải nghiệm dịch vụ của GeneStory.
Embedded Link: No link provided"
AC_03,Tài khoản GeneStory,Các bước đăng nhập tài khoản khách hàng,"Để truy cập tài khoản GeneStory và đọc bản tin khoa học quan trọng, bạn cần thực hiện các bước sau trên ứng dụng:

Bước 1: Truy cập trang web GeneStory và nhấp vào nút ""Đăng nhập"".
Bước 2: Nhập số điện thoại, nhập mã PIN gồm 6 số để xác thực.
Bước 3: Truy cập và trải nghiệm dịch vụ của GeneStory.",GeneStory account,Steps to log in to customer account,"To access your GeneStory account and read important science news, you need to do the following on the app:

Step 1: Go to the GeneStory website and click the ""Login"" button.
Step 2: Enter phone number, enter 6-digit PIN code for authentication.
Step 3: Access and experience GeneStory's services.",,"Topic: Tài khoản GeneStory
Summary: Các bước đăng nhập tài khoản khách hàng
Description: Để truy cập tài khoản GeneStory và đọc bản tin khoa học quan trọng, bạn cần thực hiện các bước sau trên ứng dụng:

Bước 1: Truy cập trang web GeneStory và nhấp vào nút ""Đăng nhập"".
Bước 2: Nhập số điện thoại, nhập mã PIN gồm 6 số để xác thực.
Bước 3: Truy cập và trải nghiệm dịch vụ của GeneStory.
Embedded Link: No link provided"
PRJ_01,Các dự án hợp tác và nghiên cứu,"Hệ thống quản lý, phân tích và chia sẻ dữ liệu y sinh","Mục tiêu chung của dự án này là xây dựng một hệ thống quản lý, phân tích và chia sẻ dữ liệu lớn (Management, Analysis, and Sharing of large datasets – MASH), trước mắt tập trung vào dữ liệu y tế và sau đó mở rộng ra các nguồn dữ liệu khác. MASH giúp cho việc quản lý, phân tích, chia sẻ, khám phá, trực quan hóa dữ liệu một cách dễ dàng, thuận tiện và nhanh chóng. MASH cho phép người dùng (các nhà nghiên cứu tin sinh, y sinh, khoa học dữ liệu, bác sỹ, sinh viên, …) khai thác, tìm kiếm, và phân tích dữ liệu ngay trên trang web của hệ thống, qua đó người dùng tiết kiệm được thời gian và chi phí để thực hiện nghiên cứu. Ngoài ra người dùng cũng có thể tải lên hệ thống những dữ liệu mà họ có, tận dụng những tài nguyên và dịch vụ của hệ thống để thực hiện phân tích, cũng như chia sẻ dữ liệu tới cộng đồng. Thông qua MASH, người dùng có thể thực hiện các phân tích chuyên môn qua những tính năng đã được cung cấp sẵn mà không cần biết tới các kỹ thuật lập trình, trực quan hóa và phân tích dữ liệu chuyên sâu. MASH được phát triển và triển khai với nhiều lớp bảo mật, giúp hệ thống đảm bảo được tính toàn vẹn và tính bảo mật của dữ liệu cũng như đảm bảo riêng tư người dùng.",Collaboration and research projects,"Biomedical data management, analysis and sharing system","The general goal of this project is to build a management, analysis, and sharing of large datasets (MASH) system, initially focusing on medical data and then Expand to other data sources. MASH helps manage, analyze, share, explore, and visualize data easily, conveniently, and quickly. MASH allows users (bioinformatics researchers, biomedical researchers, data scientists, doctors, students, ...) to exploit, search, and analyze data right on the system's website, thereby Users save time and money to conduct research. In addition, users can also upload the data they have to the system, take advantage of the system's resources and services to perform analysis, as well as share data with the community. Through MASH, users can perform specialized analyzes through the provided features without needing to know advanced programming, visualization and data analysis techniques. MASH is developed and deployed with multiple layers of security, helping the system ensure data integrity and confidentiality as well as ensure user privacy.",,"Topic: Các dự án hợp tác và nghiên cứu
Summary: Hệ thống quản lý, phân tích và chia sẻ dữ liệu y sinh
Description: Mục tiêu chung của dự án này là xây dựng một hệ thống quản lý, phân tích và chia sẻ dữ liệu lớn (Management, Analysis, and Sharing of large datasets – MASH), trước mắt tập trung vào dữ liệu y tế và sau đó mở rộng ra các nguồn dữ liệu khác. MASH giúp cho việc quản lý, phân tích, chia sẻ, khám phá, trực quan hóa dữ liệu một cách dễ dàng, thuận tiện và nhanh chóng. MASH cho phép người dùng (các nhà nghiên cứu tin sinh, y sinh, khoa học dữ liệu, bác sỹ, sinh viên, …) khai thác, tìm kiếm, và phân tích dữ liệu ngay trên trang web của hệ thống, qua đó người dùng tiết kiệm được thời gian và chi phí để thực hiện nghiên cứu. Ngoài ra người dùng cũng có thể tải lên hệ thống những dữ liệu mà họ có, tận dụng những tài nguyên và dịch vụ của hệ thống để thực hiện phân tích, cũng như chia sẻ dữ liệu tới cộng đồng. Thông qua MASH, người dùng có thể thực hiện các phân tích chuyên môn qua những tính năng đã được cung cấp sẵn mà không cần biết tới các kỹ thuật lập trình, trực quan hóa và phân tích dữ liệu chuyên sâu. MASH được phát triển và triển khai với nhiều lớp bảo mật, giúp hệ thống đảm bảo được tính toàn vẹn và tính bảo mật của dữ liệu cũng như đảm bảo riêng tư người dùng.
Embedded Link: No link provided"
PRJ_02,Các dự án hợp tác và nghiên cứu,Nghiên cứu sàng lọc gen liên quan đến tác dụng phụ của thuốc,"Chương trình hợp tác giữa Bệnh viện Nhi Trung ương, GeneStory và quỹ Thiện Tâm (Tập đoàn Vingroup) là Dự án ""Sàng lọc miễn phí phản ứng có hại của thuốc Carbamazepine (CBZ) cho bệnh nhi đang điều trị hoặc nguy cơ cao mắc động kinh, có hoàn cảnh khó khăn"" nhằm sàng lọc miễn phí phản ứng có hại của thuốc điều trị động kinh.",Collaboration and research projects,Gene screening research related to drug side effects,"The cooperation program between the National Children's Hospital, GeneStory and Thien Tam Foundation (Vingroup) is the Project ""Free screening for adverse reactions of the drug Carbamazepine (CBZ) for pediatric patients undergoing treatment or at high risk of developing the disease."" epilepsy, disadvantaged people"" to screen for free adverse reactions of epilepsy drugs.",,"Topic: Các dự án hợp tác và nghiên cứu
Summary: Nghiên cứu sàng lọc gen liên quan đến tác dụng phụ của thuốc
Description: Chương trình hợp tác giữa Bệnh viện Nhi Trung ương, GeneStory và quỹ Thiện Tâm (Tập đoàn Vingroup) là Dự án ""Sàng lọc miễn phí phản ứng có hại của thuốc Carbamazepine (CBZ) cho bệnh nhi đang điều trị hoặc nguy cơ cao mắc động kinh, có hoàn cảnh khó khăn"" nhằm sàng lọc miễn phí phản ứng có hại của thuốc điều trị động kinh.
Embedded Link: No link provided"
PRJ_03,Các dự án hợp tác và nghiên cứu,Dự đoán nguy cơ bệnh cho người Việt,"
Nhóm chúng tôi mong muốn sử dụng dữ liệu di truyền toàn bộ hệ gen và các phương pháp để đánh giá hàng triệu biến đổi di truyền phổ biến có liên quan đến bệnh di truyền phức tạp như tim mạch, tiểu đường loại 2, ung thư vú, Parkinson và Alzheimer. Đối với mỗi bệnh, chúng tôi sẽ phát triển thuật toán tính toán dựa trên việc kết hợp tất cả thông di truyền đã được công bố thành một chỉ số phản ánh nguy cơ mắc bệnh của một người. Đặc biệt đối với bệnh tiểu đường, chúng tôi sẽ sử dụng số liệu gen của 2000 người Việt Nam thu được từ dự án GWAS tiểu đường mà chúng tôi đang thực hiện. Chỉ số nguy cơ này được chứng minh là có tiềm năng sử dụng trên diện rộng trong các cơ sở khám chữa bệnh.",Collaboration and research projects,Predicting disease risk for Vietnamese people,"
Our team aims to use whole-genome genetic data and methods to evaluate millions of common genetic alterations associated with complex genetic diseases such as cardiovascular disease, type 2 diabetes, cancer breast, Parkinson's and Alzheimer's. For each disease, we will develop a calculation algorithm based on combining all published genetic information into an index that reflects a person's disease risk. Especially for diabetes, we will use genetic data of 2000 Vietnamese people obtained from the diabetes GWAS project we are implementing. This risk index has been shown to have potential for widespread use in clinical settings.",,"Topic: Các dự án hợp tác và nghiên cứu
Summary: Dự đoán nguy cơ bệnh cho người Việt
Description: 
Nhóm chúng tôi mong muốn sử dụng dữ liệu di truyền toàn bộ hệ gen và các phương pháp để đánh giá hàng triệu biến đổi di truyền phổ biến có liên quan đến bệnh di truyền phức tạp như tim mạch, tiểu đường loại 2, ung thư vú, Parkinson và Alzheimer. Đối với mỗi bệnh, chúng tôi sẽ phát triển thuật toán tính toán dựa trên việc kết hợp tất cả thông di truyền đã được công bố thành một chỉ số phản ánh nguy cơ mắc bệnh của một người. Đặc biệt đối với bệnh tiểu đường, chúng tôi sẽ sử dụng số liệu gen của 2000 người Việt Nam thu được từ dự án GWAS tiểu đường mà chúng tôi đang thực hiện. Chỉ số nguy cơ này được chứng minh là có tiềm năng sử dụng trên diện rộng trong các cơ sở khám chữa bệnh.
Embedded Link: No link provided"
PRJ_04,Các dự án hợp tác và nghiên cứu,Dự án Giải trình tự 1000 hệ gen người Việt,"Trong dự án này, VinBigdata tập trung vào xây dựng cơ sở dữ liệu về gen cho người Việt ở quy mô lớn nhất hiện nay. Hệ gen của tổng cộng 1000 người Việt sẽ được giải mã toàn bộ sử dụng công nghệ giải trình tự tiên tiến của Illumina với độ phân giải 30x. Dữ liệu trình tự này sau đó sẽ được phân tích để xác định các biến dị di truyền gồm các biến dị đơn điểm (SNV), các biến dị chèn xoá ngắn (Indel) và các biến dị lớn (structural). Dữ liệu này sẽ là nền tảng cho các nghiên cứu tương quan trên toàn hệ gen, cho các bệnh di truyền và thuốc dựa trên gen, mở đường cho nghiên cứu và ứng dụng trong Y học chính xác tại Việt Nam.

",Collaboration and research projects,Project Sequencing 1000 Vietnamese genomes,"In this project, VinBigdata focuses on building the largest genetic database for Vietnamese people today. The genomes of a total of 1,000 Vietnamese people will be completely decoded using Illumina's advanced sequencing technology with 30x resolution. This sequence data will then be analyzed to identify genetic variations including single point variations (SNV), short insertion and deletion variations (Indel) and large variations (structural). This data will be the foundation for genome-wide correlation studies, for genetic diseases and gene-based drugs, paving the way for research and applications in Precision Medicine in Vietnam.

",https://vingen.vinbigdata.org/1000gen/,"Topic: Các dự án hợp tác và nghiên cứu
Summary: Dự án Giải trình tự 1000 hệ gen người Việt
Description: Trong dự án này, VinBigdata tập trung vào xây dựng cơ sở dữ liệu về gen cho người Việt ở quy mô lớn nhất hiện nay. Hệ gen của tổng cộng 1000 người Việt sẽ được giải mã toàn bộ sử dụng công nghệ giải trình tự tiên tiến của Illumina với độ phân giải 30x. Dữ liệu trình tự này sau đó sẽ được phân tích để xác định các biến dị di truyền gồm các biến dị đơn điểm (SNV), các biến dị chèn xoá ngắn (Indel) và các biến dị lớn (structural). Dữ liệu này sẽ là nền tảng cho các nghiên cứu tương quan trên toàn hệ gen, cho các bệnh di truyền và thuốc dựa trên gen, mở đường cho nghiên cứu và ứng dụng trong Y học chính xác tại Việt Nam.


Embedded Link: https://vingen.vinbigdata.org/1000gen/"
HUM_01,Nhân sự,Đội ngũ lãnh đạo công ty GeneStory (BOD),"Đội ngũ lãnh đạo của GeneStory ( BOD) bao gồm Giáo sư Vũ Hà Văn, Thạc sỹ Nguyễn Đức Long, Tiến sỹ Võ Sỹ Nam, và Tiến sỹ Đào Đức Minh. Họ là những nhà khoa học có rất nhiều cống hiến cho cộng đồng khoa học và giải pháp y tế, và đều là thành viên sáng lập GeneStory. Họ góp phần trực tiếp vào việc phát triển các giải pháp di truyền trong lĩnh vực y tế, góp phần vào việc phục vụ nhu cầu chăm sóc sức khỏe hiện đại của người dân.",Personnel,GeneStory company leadership team (BOD),"GeneStory's (BOD) leadership team includes Professor Vu Ha Van, Master Nguyen Duc Long, Dr. Vo Sy Nam, and Dr. Dao Duc Minh. They are scientists who have contributed a lot to the scientific and medical community, and are all founding members of GeneStory. They contribute directly to the development of genetic solutions in the medical field, contributing to serving the modern health care needs of the people.",,"Topic: Nhân sự
Summary: Đội ngũ lãnh đạo công ty GeneStory (BOD)
Description: Đội ngũ lãnh đạo của GeneStory ( BOD) bao gồm Giáo sư Vũ Hà Văn, Thạc sỹ Nguyễn Đức Long, Tiến sỹ Võ Sỹ Nam, và Tiến sỹ Đào Đức Minh. Họ là những nhà khoa học có rất nhiều cống hiến cho cộng đồng khoa học và giải pháp y tế, và đều là thành viên sáng lập GeneStory. Họ góp phần trực tiếp vào việc phát triển các giải pháp di truyền trong lĩnh vực y tế, góp phần vào việc phục vụ nhu cầu chăm sóc sức khỏe hiện đại của người dân.
Embedded Link: No link provided"
HUM_02,Nhân sự,"Hội đồng khoa học công ty GeneStory, uy tín, nhà khoa hoc","GeneStory quy tụ hơn 50 nhà khoa học hàng đầu thuộc lĩnh vực tin y sinh, y tế đến từ các tổ chức uy tín như Trường đại học Harvard (Mỹ), Đại học Johns Hopkins (Mỹ), Viện Nghiên cứu ung thư Ludwig (Mỹ), Golden Helix Foundation (Anh), Viện Tin sinh học Singapore, Bệnh viện Đa khoa Quốc tế Vinmec, Đại học Y Hà Nội...
Họ là các nhà khoa học hàng đầu trong ngành y tế như Giáo sư Đỗ Tất Cường, Giáo sư Đặng Văn Chí, Giáo sư Pavel Pevzner và Giáo sư Ron Shamir, ông Frank Eisenhaber, Giáo sư Nguyễn Đức Công, Giáo sư Tạ Thành Văn​, Giáo sư Lê Thị Hương",Personnel,"GeneStory Company Scientific Council, reputable, scientist","GeneStory brings together more than 50 leading scientists in the field of biomedical and medical information from prestigious organizations such as Harvard University (USA), Johns Hopkins University (USA), and Ludwig Institute for Cancer Research (USA). USA), Golden Helix Foundation (UK), Singapore Bioinformatics Institute, Vinmec International General Hospital, Hanoi Medical University...
They are leading scientists in the medical industry such as Professor Do Tat Cuong, Professor Dang Van Chi, Professor Pavel Pevzner and Professor Ron Shamir, Mr. Frank Eisenhaber, Professor Nguyen Duc Cong, Professor Ta Thanh Van ​, Professor Le Thi Huong",,"Topic: Nhân sự
Summary: Hội đồng khoa học công ty GeneStory, uy tín, nhà khoa hoc
Description: GeneStory quy tụ hơn 50 nhà khoa học hàng đầu thuộc lĩnh vực tin y sinh, y tế đến từ các tổ chức uy tín như Trường đại học Harvard (Mỹ), Đại học Johns Hopkins (Mỹ), Viện Nghiên cứu ung thư Ludwig (Mỹ), Golden Helix Foundation (Anh), Viện Tin sinh học Singapore, Bệnh viện Đa khoa Quốc tế Vinmec, Đại học Y Hà Nội...
Họ là các nhà khoa học hàng đầu trong ngành y tế như Giáo sư Đỗ Tất Cường, Giáo sư Đặng Văn Chí, Giáo sư Pavel Pevzner và Giáo sư Ron Shamir, ông Frank Eisenhaber, Giáo sư Nguyễn Đức Công, Giáo sư Tạ Thành Văn​, Giáo sư Lê Thị Hương
Embedded Link: No link provided"
HUM_03,Nhân sự,"Thạc Sỹ Nguyễn Đức Long , CEO, Tổng giám đốc của công ty GeneStory","ThS. Nguyễn Đức Long là Tổng Giám Đốc (CEO) và Đồng sáng lập GeneStory.
Ông đã làm Quản lý Chương trình Cấp cao, Philips Ultrasound, Mỹ. Ông tốt nghiệp thạc sỹ Quản trị Kinh doanh, Đại học Babson, Mỹ",Personnel,"Master Nguyen Duc Long, CEO, General Director of GeneStory company","MSc. Nguyen Duc Long is the General Director (CEO) and Co-founder of GeneStory.
He worked as Senior Program Manager, Philips Ultrasound, USA. He graduated with a master's degree in Business Administration from Babson University, USA",,"Topic: Nhân sự
Summary: Thạc Sỹ Nguyễn Đức Long , CEO, Tổng giám đốc của công ty GeneStory
Description: ThS. Nguyễn Đức Long là Tổng Giám Đốc (CEO) và Đồng sáng lập GeneStory.
Ông đã làm Quản lý Chương trình Cấp cao, Philips Ultrasound, Mỹ. Ông tốt nghiệp thạc sỹ Quản trị Kinh doanh, Đại học Babson, Mỹ
Embedded Link: No link provided"
HUM_04,Nhân sự,"Tiến sỹ Đào Đức Minh, Co-Founder, Đồng sáng lập của công ty GeneStory","Tiến sỹ Đào Đức Minh là Giám đốc điều hành Công ty cổ phần VinBigData, đồng sáng lập GeneStory. Tiến sỹ Minh là chuyên gia nghiên cứu trong các lĩnh vực trí tuệ nhân tạo, xử lý tín hiệu, xử lý ảnh, thị giác máy tính và máy học. Năm 2015, ông nhận bằng tiến sĩ tại đại học Johns Hopkins,Hoa Kỳ, theo chương trình học bổng của VEF.",Personnel,"Dr. Dao Duc Minh, Co-Founder, Co-founder of GeneStory company","Dr. Dao Duc Minh is CEO of VinBigData Joint Stock Company and co-founder of GeneStory. Dr. Minh is a research expert in the fields of artificial intelligence, signal processing, image processing, computer vision and machine learning. In 2015, he received his doctorate from Johns Hopkins University, USA, under the VEF scholarship program.",,"Topic: Nhân sự
Summary: Tiến sỹ Đào Đức Minh, Co-Founder, Đồng sáng lập của công ty GeneStory
Description: Tiến sỹ Đào Đức Minh là Giám đốc điều hành Công ty cổ phần VinBigData, đồng sáng lập GeneStory. Tiến sỹ Minh là chuyên gia nghiên cứu trong các lĩnh vực trí tuệ nhân tạo, xử lý tín hiệu, xử lý ảnh, thị giác máy tính và máy học. Năm 2015, ông nhận bằng tiến sĩ tại đại học Johns Hopkins,Hoa Kỳ, theo chương trình học bổng của VEF.
Embedded Link: No link provided"
HUM_05,Nhân sự,"Giáo sư Vũ Hà Văn, Founder, Nhà sáng lập của công ty GeneStory","Giáo sư Vũ Hà Văn là nhà sáng lập GeneStory, nhà Toán học Việt Nam, hiện đang làm giáo sư Toán học ở Đại học Yale. Ông đã đoạt giải Pólya (SIAM) năm 2008 của Hội đồng Quốc tế về Toán Công nghiệp và Ứng dụng, Ông là Thành viên danh dự (Fellow) của Hội Toán học Hoa Kỳ và Hội Thống kê Toán học Thế giới (IMS). Giám đốc Khoa học Viện Nghiên cứu Dữ liệu lớn VinBigData thuộc tập đoàn Vingroup.",Personnel,"Professor Vu Ha Van, Founder, Founder of GeneStory company","Professor Vu Ha Van is the founder of GeneStory, a Vietnamese Mathematician, currently working as a Mathematics professor at Yale University. He won the Pólya Prize (SIAM) in 2008 from the International Council for Industrial and Applied Mathematics, and is an Honorary Member of the American Mathematical Society and the International Society for Mathematical Statistics (IMS). Scientific Director of VinBigData Big Data Research Institute of Vingroup corporation.",,"Topic: Nhân sự
Summary: Giáo sư Vũ Hà Văn, Founder, Nhà sáng lập của công ty GeneStory
Description: Giáo sư Vũ Hà Văn là nhà sáng lập GeneStory, nhà Toán học Việt Nam, hiện đang làm giáo sư Toán học ở Đại học Yale. Ông đã đoạt giải Pólya (SIAM) năm 2008 của Hội đồng Quốc tế về Toán Công nghiệp và Ứng dụng, Ông là Thành viên danh dự (Fellow) của Hội Toán học Hoa Kỳ và Hội Thống kê Toán học Thế giới (IMS). Giám đốc Khoa học Viện Nghiên cứu Dữ liệu lớn VinBigData thuộc tập đoàn Vingroup.
Embedded Link: No link provided"
HUM_06,Nhân sự,"Tiến sỹ Võ Sỹ Nam, CSO Giám đốc khoa học, Đồng sáng lập của công ty GeneStory","Tiến sỹ Võ Sỹ Nam là Đồng sáng lập, Giám đốc khoa học GeneStory và là Giảng viên liên kết tại Viện Kỹ thuật và Khoa học Máy tính, VinUniversity. Trước khi gia nhập VinBigdata, Tiến sỹ Nam là nhà nghiên cứu Tin sinh học Cấp cao tại Trung tâm Khoa học Dữ liệu, Đại học Chicago. Ông làm nghiên cứu sau tiến sỹ về Sinh học Tính toán tại Trung tâm Ung thư MD Anderson, Đại học Texas sau khi lấy bằng Tiến sĩ Khoa học Máy tính tại Đại học Memphis, Mỹ.",Personnel,"Dr. Vo Sy Nam, CSO Scientific Director, Co-Founder of GeneStory company","Dr. Vo Sy Nam is Co-Founder, Scientific Director of GeneStory and an Associate Lecturer at the Institute of Engineering and Computer Science, VinUniversity. Before joining VinBigdata, Dr. Nam was a Senior Bioinformatics researcher at the Center for Data Science, University of Chicago. He did postdoctoral research in Computational Biology at MD Anderson Cancer Center, University of Texas after earning his PhD in Computer Science at the University of Memphis, USA.",,"Topic: Nhân sự
Summary: Tiến sỹ Võ Sỹ Nam, CSO Giám đốc khoa học, Đồng sáng lập của công ty GeneStory
Description: Tiến sỹ Võ Sỹ Nam là Đồng sáng lập, Giám đốc khoa học GeneStory và là Giảng viên liên kết tại Viện Kỹ thuật và Khoa học Máy tính, VinUniversity. Trước khi gia nhập VinBigdata, Tiến sỹ Nam là nhà nghiên cứu Tin sinh học Cấp cao tại Trung tâm Khoa học Dữ liệu, Đại học Chicago. Ông làm nghiên cứu sau tiến sỹ về Sinh học Tính toán tại Trung tâm Ung thư MD Anderson, Đại học Texas sau khi lấy bằng Tiến sĩ Khoa học Máy tính tại Đại học Memphis, Mỹ.
Embedded Link: No link provided"
COM_01,Khiếu nại khách hàng,"Giải quyết khiếu nại, vấn đề của khách hàng","Tất cả các sản phẩm/dịch vụ của GeneStory đều được cam kết bảo đảm quyền lợi của khách hàng trong trường hợp phát sinh khiếu nại. Khách hàng có thể yêu cầu hỗ trợ và giải quyết khiếu nại từ đơn vị Chăm Sóc Khách Hàng của GeneStory. Nếu trường hợp phức tạp hoặc không được quy định trong các chính sách, khách hàng sẽ nhận được phản hồi trong vòng 07 ngày. GeneStory cũng sẽ đề nghị cơ quan pháp luật can thiệp để đảm bảo lợi ích hợp pháp của các bên trong trường hợp không được giải quyết hoặc thỏa thuận một cách thỏa đáng.",Customer complaints,Resolve customer complaints and problems,"All GeneStory products/services are committed to ensuring customers' rights in case of complaints. Customers can request support and resolve complaints from GeneStory's Customer Care unit. If the case is complex or not covered by the policies, the customer will receive a response within 7 days. GeneStory will also ask legal authorities to intervene to ensure the legitimate interests of the parties in case it cannot be resolved or agreed upon satisfactorily.",,"Topic: Khiếu nại khách hàng
Summary: Giải quyết khiếu nại, vấn đề của khách hàng
Description: Tất cả các sản phẩm/dịch vụ của GeneStory đều được cam kết bảo đảm quyền lợi của khách hàng trong trường hợp phát sinh khiếu nại. Khách hàng có thể yêu cầu hỗ trợ và giải quyết khiếu nại từ đơn vị Chăm Sóc Khách Hàng của GeneStory. Nếu trường hợp phức tạp hoặc không được quy định trong các chính sách, khách hàng sẽ nhận được phản hồi trong vòng 07 ngày. GeneStory cũng sẽ đề nghị cơ quan pháp luật can thiệp để đảm bảo lợi ích hợp pháp của các bên trong trường hợp không được giải quyết hoặc thỏa thuận một cách thỏa đáng.
Embedded Link: No link provided"
SAL_01,Quy trình lấy mẫu DNA,"Quy trình lấy mẫu ADN, các bước xét nghiệm","Các bước lấy mẫu và xét nghiệm DNA:

1. Chuẩn bị trước khi lấy mẫu:
- Nhịn ăn, nhịn uống: 30 phút trước khi lấy mẫu nước bọt.
- Tránh hút thuốc, nhai kẹo cao su, sử dụng nước súc miệng: 30 phút trước khi lấy mẫu nước bọt.
- Tránh đánh răng: 2 tiếng trước khi lấy mẫu nước bọt.
- Rửa tay sạch: trước khi lấy mẫu nước bọt hoặc máu.

2. Lấy mẫu:
- Bạn có thể yêu cầu lấy mẫu tại nhà hoặc đến trực tiếp văn phòng GeneStory.
- Bạn được cung cấp 1 bộ kit lấy mẫu nước bọt. Để lấy mẫu, vui lòng làm theo các bước hướng dẫn dựa trên video ở đường link sau: https://www.youtube.com/watch?v=GIRwCVCkYGg. 
- Lưu ý, mẫu nước bọt của bạn chỉ được xử lý nếu mẫu nước bọt đó chứa đủ lượng ADN. Nếu mẫu nước bọt của bạn không chứa đủ lượng ADN, GeneStory không thể xử lý và bạn sẽ được yêu cầu cung cấp mẫu nước bọt mới để xét nghiệm.

3. Gửi mẫu và nhận kết quả:
- Bạn sẽ gửi mẫu tới văn phòng GeneStory, trước 14 ngày, chúng tôi sẽ gửi thông báo quá Email và SMS và hướng dẫn bạn truy cập và xem kết quả.

Ngoài ra, nếu bạn lấy mẫu máu thay cho nước bọt, lượng mẫu máu cần lấy để thực hiện giải mã gen là 2ml. Khách hàng có thể lựa chọn tới lấy mẫu trực tiếp tại văn phòng của GeneStory hoặc đăng ký lấy mẫu máu tại nhà, GeneStory sẽ có nhân viên điều dưỡng tới lấy mẫu máu tại nhà. Hai phương pháp lấy mẫu này có độ chính xác NHƯ NHAU. Tuy nhiên, với việc lấy mẫu bằng nước bọt, khách hàng có thể sẽ gặp phải rủi ro lấy mẫu lại, do các nguyên nhân như: mẫu nước bọt bị lẫn tạp chất như đồ ăn, son môi, hay khó khăn trong việc lấy nước bọt ở các em bé sơ sinh… khiến khách hàng tốn thời gian trong khâu lấy mẫu, tăng thêm thời gian chờ đợi kết quả.

Trong khi đó, việc lấy mẫu máu tuy dễ dàng thực hiện hơn và tránh được các rủi ro phải lấy mẫu lại như kể trên, cũng sẽ có những trường hợp mà khách hàng không thể lấy máu mà phải lấy mẫu nước bọt, ví dụ như phụ nữ có thai, người có nghi ngờ ung thư máu, ghép tủy, ghép tạng…",DNA sampling process,"DNA sampling process, testing steps","Steps for sampling and DNA testing:

1. Prepare before sampling:
- Fasting and abstaining from drinking: 30 minutes before taking saliva sample.
- Avoid smoking, chewing gum, and using mouthwash: 30 minutes before taking a saliva sample.
- Avoid brushing your teeth: 2 hours before taking a saliva sample.
- Wash hands thoroughly: before taking saliva or blood samples.

2. Sampling:
- You can request a sample at home or come directly to the GeneStory office.
- You are provided with a saliva sample kit. To get a sample, please follow the instructions based on the video at the following link: https://www.youtube.com/watch?v=GIRwCVCkYGg.
- Note, your saliva sample will only be processed if it contains a sufficient amount of DNA. If your saliva sample does not contain enough DNA, GeneStory cannot process it and you will be asked to provide a new saliva sample for testing.

3. Submit sample and receive results:
- You will send the sample to GeneStory office, 14 days in advance, we will send notification via Email and SMS and instruct you to access and view the results.

In addition, if you take a blood sample instead of saliva, the amount of blood sample needed to perform gene decoding is 2ml. Customers can choose to take blood samples directly at GeneStory's office or register to take blood samples at home. GeneStory will have nursing staff come to take blood samples at home. These two sampling methods have the SAME accuracy. However, with saliva sampling, customers may encounter the risk of re-sampling, due to reasons such as: the saliva sample is contaminated with impurities such as food, lipstick, or difficulty in sampling. saliva in newborn babies... causing customers to waste time in sampling, increasing the time waiting for results.

Meanwhile, although blood sampling is easier to do and avoids the risks of having to re-sample as mentioned above, there will also be cases where customers cannot take blood but must take saliva samples, for example. such as pregnant women, people with suspected leukemia, bone marrow transplants, organ transplants...",,"Topic: Quy trình lấy mẫu DNA
Summary: Quy trình lấy mẫu ADN, các bước xét nghiệm
Description: Các bước lấy mẫu và xét nghiệm DNA:

1. Chuẩn bị trước khi lấy mẫu:
- Nhịn ăn, nhịn uống: 30 phút trước khi lấy mẫu nước bọt.
- Tránh hút thuốc, nhai kẹo cao su, sử dụng nước súc miệng: 30 phút trước khi lấy mẫu nước bọt.
- Tránh đánh răng: 2 tiếng trước khi lấy mẫu nước bọt.
- Rửa tay sạch: trước khi lấy mẫu nước bọt hoặc máu.

2. Lấy mẫu:
- Bạn có thể yêu cầu lấy mẫu tại nhà hoặc đến trực tiếp văn phòng GeneStory.
- Bạn được cung cấp 1 bộ kit lấy mẫu nước bọt. Để lấy mẫu, vui lòng làm theo các bước hướng dẫn dựa trên video ở đường link sau: https://www.youtube.com/watch?v=GIRwCVCkYGg. 
- Lưu ý, mẫu nước bọt của bạn chỉ được xử lý nếu mẫu nước bọt đó chứa đủ lượng ADN. Nếu mẫu nước bọt của bạn không chứa đủ lượng ADN, GeneStory không thể xử lý và bạn sẽ được yêu cầu cung cấp mẫu nước bọt mới để xét nghiệm.

3. Gửi mẫu và nhận kết quả:
- Bạn sẽ gửi mẫu tới văn phòng GeneStory, trước 14 ngày, chúng tôi sẽ gửi thông báo quá Email và SMS và hướng dẫn bạn truy cập và xem kết quả.

Ngoài ra, nếu bạn lấy mẫu máu thay cho nước bọt, lượng mẫu máu cần lấy để thực hiện giải mã gen là 2ml. Khách hàng có thể lựa chọn tới lấy mẫu trực tiếp tại văn phòng của GeneStory hoặc đăng ký lấy mẫu máu tại nhà, GeneStory sẽ có nhân viên điều dưỡng tới lấy mẫu máu tại nhà. Hai phương pháp lấy mẫu này có độ chính xác NHƯ NHAU. Tuy nhiên, với việc lấy mẫu bằng nước bọt, khách hàng có thể sẽ gặp phải rủi ro lấy mẫu lại, do các nguyên nhân như: mẫu nước bọt bị lẫn tạp chất như đồ ăn, son môi, hay khó khăn trong việc lấy nước bọt ở các em bé sơ sinh… khiến khách hàng tốn thời gian trong khâu lấy mẫu, tăng thêm thời gian chờ đợi kết quả.

Trong khi đó, việc lấy mẫu máu tuy dễ dàng thực hiện hơn và tránh được các rủi ro phải lấy mẫu lại như kể trên, cũng sẽ có những trường hợp mà khách hàng không thể lấy máu mà phải lấy mẫu nước bọt, ví dụ như phụ nữ có thai, người có nghi ngờ ung thư máu, ghép tủy, ghép tạng…
Embedded Link: No link provided"
GEN_01,Giải mã gene,"Giải mã, xét nghiệm gen phương pháp, lợi ích","Giải mã gen ở GeneStory mang lại nhiều lợi ích cho bạn:
1. Hiểu rõ bản thân:
Nguy cơ mắc bệnh: Giải mã gen giúp bạn dự đoán nguy cơ mắc các bệnh di truyền, ung thư, tim mạch, tiểu đường,... từ đó có kế hoạch phòng ngừa hiệu quả.
Thể chất: Xác định khả năng hấp thu dinh dưỡng, thể chất, sức bền,... để xây dựng chế độ luyện tập và dinh dưỡng phù hợp.
Tính cách: Hiểu rõ điểm mạnh, điểm yếu, xu hướng tính cách để phát triển bản thân và xây dựng mối quan hệ tốt đẹp.
Nghề nghiệp : Phát hiện tiềm năng và năng khiếu bẩm sinh, định hướng nghề nghiệp phù hợp.

2. Chăm sóc sức khỏe chủ động:
Phòng ngừa bệnh: Dựa trên kết quả giải mã gen, bạn có thể xây dựng kế hoạch tầm soát, dự phòng các bệnh nguy cơ cao.
Cá nhân hóa y tế: Lựa chọn phương pháp điều trị phù hợp với cơ địa, giảm tác dụng phụ của thuốc.
Chăm sóc sức khỏe toàn diện: Có kế hoạch dinh dưỡng, luyện tập phù hợp để nâng cao sức khỏe và chất lượng cuộc sống.

3. Lập kế hoạch cho tương lai:
Sàng lọc trước sinh: Giảm nguy cơ sinh con mắc bệnh di truyền.
Giáo dục con cái: Định hướng phát triển phù hợp với năng khiếu và tiềm năng của con.
Lập kế hoạch tài chính: Dự phòng chi phí cho các vấn đề sức khỏe trong tương lai.
GeneStory cung cấp các gói giải mã gen đa dạng, phù hợp với nhu cầu của từng người.

Lưu ý:
Giải mã gen chỉ là công cụ dự đoán nguy cơ, không phải là chẩn đoán y khoa.
Bạn nên tham khảo ý kiến bác sĩ để được tư vấn cụ thể về kết quả giải mã gen và cách sử dụng thông tin này để chăm sóc sức khỏe bản thân và gia đình.
Hãy liên hệ GeneStory để được tư vấn miễn phí về giải mã gen!

Website: [GeneStory](https://genestory.ai)
Hotline: 1800 888 680",Gene decoding,"Decoding, genetic testing methods, benefits","Gene decoding at GeneStory brings many benefits to you:
1. Understand yourself:
Risk of disease: Gene decoding helps you predict the risk of genetic diseases, cancer, cardiovascular disease, diabetes,... from which you can have an effective prevention plan.
Physical: Determine the ability to absorb nutrients, physical strength, endurance,... to build an appropriate training and nutrition regimen.
Personality: Understand strengths, weaknesses, and personality trends to develop yourself and build good relationships.
Career: Discovering potential and innate talent, determining appropriate career orientation.

2. Proactive health care:
Disease prevention: Based on the results of gene decoding, you can develop a screening and prevention plan for high-risk diseases.
Personalize medicine: Choose treatment methods suitable for your condition, reduce side effects of drugs.
Comprehensive health care: Have a suitable nutrition and exercise plan to improve health and quality of life.

3. Plan for the future:
Prenatal screening: Reduce the risk of having a child with a genetic disease.
Educating children: Orienting development in accordance with children's talents and potential.
Financial planning: Make provisions for future health problems.
GeneStory provides diverse gene decoding packages, suitable for each person's needs.

Note:
Gene decoding is only a risk prediction tool, not a medical diagnosis.
You should consult your doctor for specific advice about gene decoding results and how to use this information to take care of your and your family's health.
Please contact GeneStory for free consultation on gene decoding!

Website: [GeneStory](https://genestory.ai)
Hotline: 1800 888 680",,"Topic: Giải mã gene
Summary: Giải mã, xét nghiệm gen phương pháp, lợi ích
Description: Giải mã gen ở GeneStory mang lại nhiều lợi ích cho bạn:
1. Hiểu rõ bản thân:
Nguy cơ mắc bệnh: Giải mã gen giúp bạn dự đoán nguy cơ mắc các bệnh di truyền, ung thư, tim mạch, tiểu đường,... từ đó có kế hoạch phòng ngừa hiệu quả.
Thể chất: Xác định khả năng hấp thu dinh dưỡng, thể chất, sức bền,... để xây dựng chế độ luyện tập và dinh dưỡng phù hợp.
Tính cách: Hiểu rõ điểm mạnh, điểm yếu, xu hướng tính cách để phát triển bản thân và xây dựng mối quan hệ tốt đẹp.
Nghề nghiệp : Phát hiện tiềm năng và năng khiếu bẩm sinh, định hướng nghề nghiệp phù hợp.

2. Chăm sóc sức khỏe chủ động:
Phòng ngừa bệnh: Dựa trên kết quả giải mã gen, bạn có thể xây dựng kế hoạch tầm soát, dự phòng các bệnh nguy cơ cao.
Cá nhân hóa y tế: Lựa chọn phương pháp điều trị phù hợp với cơ địa, giảm tác dụng phụ của thuốc.
Chăm sóc sức khỏe toàn diện: Có kế hoạch dinh dưỡng, luyện tập phù hợp để nâng cao sức khỏe và chất lượng cuộc sống.

3. Lập kế hoạch cho tương lai:
Sàng lọc trước sinh: Giảm nguy cơ sinh con mắc bệnh di truyền.
Giáo dục con cái: Định hướng phát triển phù hợp với năng khiếu và tiềm năng của con.
Lập kế hoạch tài chính: Dự phòng chi phí cho các vấn đề sức khỏe trong tương lai.
GeneStory cung cấp các gói giải mã gen đa dạng, phù hợp với nhu cầu của từng người.

Lưu ý:
Giải mã gen chỉ là công cụ dự đoán nguy cơ, không phải là chẩn đoán y khoa.
Bạn nên tham khảo ý kiến bác sĩ để được tư vấn cụ thể về kết quả giải mã gen và cách sử dụng thông tin này để chăm sóc sức khỏe bản thân và gia đình.
Hãy liên hệ GeneStory để được tư vấn miễn phí về giải mã gen!

Website: [GeneStory](https://genestory.ai)
Hotline: 1800 888 680
Embedded Link: No link provided"
GEN_02,Giải mã gene,Thách thức và hạn chế của giải mã gen,"Thách thức và hạn chế của giải mã gen:
1. Vấn đề đạo đức và bảo mật thông tin:
- Thông tin di truyền là thông tin nhạy cảm, cần được bảo mật nghiêm ngặt.
- Nguy cơ phân biệt đối xử, lạm dụng thông tin di truyền trong các lĩnh vực như bảo hiểm, tuyển dụng,...
2. Khả năng giải thích và ứng dụng kết quả:
- Kết quả giải mã gen có thể phức tạp, khó hiểu đối với người không chuyên môn.
- Khả năng ứng dụng kết quả giải mã gen vào thực tiễn y tế còn hạn chế.
3. Tính chính xác và độ tin cậy 
- Công nghệ giải mã gen đang phát triển nhanh chóng, nhưng vẫn còn tiềm ẩn sai sót.
- Kết quả giải mã gen có thể bị ảnh hưởng bởi nhiều yếu tố như môi trường, lối sống,...
4. Chi phí: 
- Giải mã gen là một dịch vụ tương đối đắt đỏ, chưa phù hợp với nhiều người.
5. Hiểu biết về di truyền học:
- Cần có kiến thức về di truyền học để hiểu rõ kết quả giải mã gen và sử dụng thông tin này một cách hiệu quả.

Ngoài ra, giải mã gen cũng có một số hạn chế khác như:
- Không thể dự đoán chính xác 100% nguy cơ mắc bệnh.
- Không thể thay đổi gen, chỉ có thể dự đoán và phòng ngừa.
- Có thể gây ra lo lắng, hoang mang cho người nhận kết quả.

Tuy nhiên, giải mã gen vẫn là một công cụ hữu ích để:
- Hiểu rõ bản thân và sức khỏe của mình.
- Phòng ngừa và điều trị bệnh hiệu quả.
- Lập kế hoạch cho tương lai.

Do vậy, bạn nên cân nhắc kỹ lưỡng trước khi quyết định giải mã gen. Hãy liên hệ với GeneStory để được tư vấn miễn phí về giải mã gen!
Website: [GeneStory](https://genestory.ai)
Hotline: 1800 888 680",Gene decoding,Challenges and limitations of gene decoding,"Challenges and limitations of gene decoding:
1. Ethical issues and information security:
- Genetic information is sensitive information and needs to be strictly confidential.
- Risk of discrimination and misuse of genetic information in fields such as insurance, recruitment,...
2. Ability to interpret and apply results:
- Gene decoding results can be complex and difficult to understand for non-experts.
- The ability to apply gene decoding results to medical practice is still limited.
3. Accuracy and reliability
- Gene decoding technology is developing rapidly, but there are still potential errors.
- Gene decoding results can be affected by many factors such as environment, lifestyle,...
4. Cost:
- Gene decoding is a relatively expensive service, not suitable for many people.
5. Understanding genetics:
- Knowledge of genetics is needed to understand the results of gene decoding and use this information effectively.

In addition, gene decoding also has some other limitations such as:
- It is impossible to predict the risk of disease with 100% accuracy.
- Genes cannot be changed, only prediction and prevention can be done.
- Can cause anxiety and confusion for the person receiving the results.

However, gene sequencing is still a useful tool to:
- Understand yourself and your health.
- Prevent and treat diseases effectively.
- Plan for the future.

Therefore, you should consider carefully before deciding to decode your genes. Please contact GeneStory for free consultation on gene decoding!
Website: [GeneStory](https://genestory.ai)
Hotline: 1800 888 680",,"Topic: Giải mã gene
Summary: Thách thức và hạn chế của giải mã gen
Description: Thách thức và hạn chế của giải mã gen:
1. Vấn đề đạo đức và bảo mật thông tin:
- Thông tin di truyền là thông tin nhạy cảm, cần được bảo mật nghiêm ngặt.
- Nguy cơ phân biệt đối xử, lạm dụng thông tin di truyền trong các lĩnh vực như bảo hiểm, tuyển dụng,...
2. Khả năng giải thích và ứng dụng kết quả:
- Kết quả giải mã gen có thể phức tạp, khó hiểu đối với người không chuyên môn.
- Khả năng ứng dụng kết quả giải mã gen vào thực tiễn y tế còn hạn chế.
3. Tính chính xác và độ tin cậy 
- Công nghệ giải mã gen đang phát triển nhanh chóng, nhưng vẫn còn tiềm ẩn sai sót.
- Kết quả giải mã gen có thể bị ảnh hưởng bởi nhiều yếu tố như môi trường, lối sống,...
4. Chi phí: 
- Giải mã gen là một dịch vụ tương đối đắt đỏ, chưa phù hợp với nhiều người.
5. Hiểu biết về di truyền học:
- Cần có kiến thức về di truyền học để hiểu rõ kết quả giải mã gen và sử dụng thông tin này một cách hiệu quả.

Ngoài ra, giải mã gen cũng có một số hạn chế khác như:
- Không thể dự đoán chính xác 100% nguy cơ mắc bệnh.
- Không thể thay đổi gen, chỉ có thể dự đoán và phòng ngừa.
- Có thể gây ra lo lắng, hoang mang cho người nhận kết quả.

Tuy nhiên, giải mã gen vẫn là một công cụ hữu ích để:
- Hiểu rõ bản thân và sức khỏe của mình.
- Phòng ngừa và điều trị bệnh hiệu quả.
- Lập kế hoạch cho tương lai.

Do vậy, bạn nên cân nhắc kỹ lưỡng trước khi quyết định giải mã gen. Hãy liên hệ với GeneStory để được tư vấn miễn phí về giải mã gen!
Website: [GeneStory](https://genestory.ai)
Hotline: 1800 888 680
Embedded Link: No link provided"
GEN_03,Giải mã gene,Giải mã gen với sinh trắc vân tay,"Mặc dù cùng có thể đưa ra những phân tích về thiên hướng tính cách, hành vi và tiềm năng, nhưng giải mã gen phân tích “Bản thiết kế” sinh học quan trọng nhất của mỗi người: trình tự DNA. Trong nhiều thập kỉ gần đây, liên tiếp những bí ẩn của di truyền học được giải mã nhờ phân tích gen. Các kết quả nghiên cứu từ các tạp chí khoa học hàng đầu thế giới đã khẳng định tính khoa học của giải mã gen.

Ngược lại, sinh trắc vân tay vẫn còn gặp nhiều nghi hoặc trong giới khoa học. Viện Hàn lâm Khoa học Quốc gia Hoa Kỳ đã từng đặt nghi vấn về tính đúng đắn của sinh trắc vân tay vào năm 2009. Thêm vào đó, các nghiên cứu cho thấy sinh trắc vân tay chỉ phản ánh một phần thông tin di truyền (từ 30%). Vì vậy, giải mã gen vẫn mang lại nhiều thông tin hơn, đặc biệt là các nguy cơ bệnh lý, phản ứng phụ của thuốc.",Gene decoding,Decoding genes with fingerprint biometrics,"While it can also provide analysis of personality tendencies, behavior and potential, genetic coding analyzes each person's most important biological ""Blueprint"": the DNA sequence. In recent decades, the mysteries of genetics have been continuously decoded through genetic analysis. Research results from the world's leading scientific journals have confirmed the scientific nature of gene decoding.

In contrast, fingerprint biometrics still faces many doubts in the scientific community. The US National Academy of Sciences questioned the validity of fingerprint biometrics in 2009. In addition, studies show that fingerprint biometrics only reflects part of genetic information ( from 30%). Therefore, gene decoding still brings more information, especially the risks of diseases and side effects of drugs.",,"Topic: Giải mã gene
Summary: Giải mã gen với sinh trắc vân tay
Description: Mặc dù cùng có thể đưa ra những phân tích về thiên hướng tính cách, hành vi và tiềm năng, nhưng giải mã gen phân tích “Bản thiết kế” sinh học quan trọng nhất của mỗi người: trình tự DNA. Trong nhiều thập kỉ gần đây, liên tiếp những bí ẩn của di truyền học được giải mã nhờ phân tích gen. Các kết quả nghiên cứu từ các tạp chí khoa học hàng đầu thế giới đã khẳng định tính khoa học của giải mã gen.

Ngược lại, sinh trắc vân tay vẫn còn gặp nhiều nghi hoặc trong giới khoa học. Viện Hàn lâm Khoa học Quốc gia Hoa Kỳ đã từng đặt nghi vấn về tính đúng đắn của sinh trắc vân tay vào năm 2009. Thêm vào đó, các nghiên cứu cho thấy sinh trắc vân tay chỉ phản ánh một phần thông tin di truyền (từ 30%). Vì vậy, giải mã gen vẫn mang lại nhiều thông tin hơn, đặc biệt là các nguy cơ bệnh lý, phản ứng phụ của thuốc.
Embedded Link: No link provided"
GS_01,Giới thiệu về công ty GeneStory,"Giới thiệu, thông tin của công ty GeneStory","GeneStory là công ty công nghệ gen hàng đầu Việt Nam được thành lập vào năm 2022 bởi Vingroup và các nhà khoa học hàng đầu trong lĩnh vực giải mã gen. GeneStory mang sứ mệnh tiên phong trong việc ứng dụng công nghệ gen tiên tiến để giúp người Việt Nam chủ động làm chủ sức khỏe và nâng tầm cuộc sống và hướng đến trở thành công ty công nghệ gen hàng đầu Việt Nam và khu vực, cung cấp các giải pháp giải mã gen toàn diện và chính xác, góp phần hiện thực hóa y học chính xác từ tầm soát đến điều trị. GeneStory cam kết mang đến cho khách hàng những dịch vụ giải mã gen chất lượng cao, góp phần nâng cao chất lượng cuộc sống cho người Việt Nam.

Về sản phẩm, GeneStory cung cấp các gói giải mã gen toàn diện cho mọi lứa tuổi, giúp dự đoán nguy cơ mắc bệnh, phát triển thể chất, tính cách, xu hướng nghề nghiệp,...
Ngoài ra, GeneStory cung cấp dịch vụ tư vấn di truyền chuyên sâu bởi đội ngũ bác sĩ di truyền giàu kinh nghiệm, giúp khách hàng hiểu rõ kết quả giải mã gen và đưa ra các quyết định phù hợp để chăm sóc sức khỏe bản thân và gia đình.

Hãy liên hệ với GeneStory để được tư vấn miễn phí về giải mã gen!
Website: [GeneStory](https://genestory.ai)
Hotline: 1800 888 680",Introducing GeneStory company,Introduction and information of GeneStory company,"GeneStory is Vietnam's leading genetic technology company founded in 2022 by Vingroup and leading scientists in the field of gene decoding. GeneStory has a pioneering mission in applying advanced genetic technology to help Vietnamese people proactively take control of their health and improve their lives and aims to become the leading gene technology company in Vietnam and the region, providing providing comprehensive and accurate gene decoding solutions, contributing to realizing precision medicine from screening to treatment. GeneStory is committed to providing customers with high-quality gene decoding services, contributing to improving the quality of life for Vietnamese people.

Regarding products, GeneStory provides comprehensive gene decoding packages for all ages, helping to predict disease risk, physical development, personality, career trends,...
In addition, GeneStory provides in-depth genetic counseling services by a team of experienced genetic doctors, helping customers understand the results of gene decoding and make appropriate decisions to take care of their own health. and family.

Please contact GeneStory for free consultation on gene decoding!
Website: [GeneStory](https://genestory.ai)
Hotline: 1800 888 680",,"Topic: Giới thiệu về công ty GeneStory
Summary: Giới thiệu, thông tin của công ty GeneStory
Description: GeneStory là công ty công nghệ gen hàng đầu Việt Nam được thành lập vào năm 2022 bởi Vingroup và các nhà khoa học hàng đầu trong lĩnh vực giải mã gen. GeneStory mang sứ mệnh tiên phong trong việc ứng dụng công nghệ gen tiên tiến để giúp người Việt Nam chủ động làm chủ sức khỏe và nâng tầm cuộc sống và hướng đến trở thành công ty công nghệ gen hàng đầu Việt Nam và khu vực, cung cấp các giải pháp giải mã gen toàn diện và chính xác, góp phần hiện thực hóa y học chính xác từ tầm soát đến điều trị. GeneStory cam kết mang đến cho khách hàng những dịch vụ giải mã gen chất lượng cao, góp phần nâng cao chất lượng cuộc sống cho người Việt Nam.

Về sản phẩm, GeneStory cung cấp các gói giải mã gen toàn diện cho mọi lứa tuổi, giúp dự đoán nguy cơ mắc bệnh, phát triển thể chất, tính cách, xu hướng nghề nghiệp,...
Ngoài ra, GeneStory cung cấp dịch vụ tư vấn di truyền chuyên sâu bởi đội ngũ bác sĩ di truyền giàu kinh nghiệm, giúp khách hàng hiểu rõ kết quả giải mã gen và đưa ra các quyết định phù hợp để chăm sóc sức khỏe bản thân và gia đình.

Hãy liên hệ với GeneStory để được tư vấn miễn phí về giải mã gen!
Website: [GeneStory](https://genestory.ai)
Hotline: 1800 888 680
Embedded Link: No link provided"
GS_02,Giới thiệu về công ty GeneStory,"GeneStory khác biệt với các công ty công nghệ sinh học khác ở Việt Nam như thế nào? Lý do lựa chọn GeneStory, điểm nổi bật, ưu điểm, sự uy tín?","Điểm khác biệt và nổi bật của GeneStory so với các công ty công nghệ sinh học khác ở Việt Nam:
1. Dữ liệu gen người Việt: GeneStory sở hữu kho dữ liệu gen người Việt lớn nhất Việt Nam với hơn 1.000 bộ gen được giải mã. Dữ liệu này được thu thập từ các dự án nghiên cứu khoa học uy tín và được cập nhật liên tục. Việc sử dụng dữ liệu gen người Việt giúp GeneStory cung cấp các dịch vụ giải mã gen chính xác và phù hợp hơn với người Việt Nam.

2. Công nghệ tiên tiến: GeneStory ứng dụng các công nghệ giải mã gen tiên tiến nhất trên thế giới như Illumina NovaSeq 6000, đảm bảo độ chính xác và tin cậy cao. GeneStory cũng đầu tư mạnh mẽ vào nghiên cứu và phát triển công nghệ để nâng cao chất lượng dịch vụ.

3. Đội ngũ chuyên gia: GeneStory sở hữu đội ngũ chuyên gia giàu kinh nghiệm trong lĩnh vực giải mã gen và di truyền học. Các chuyên gia của GeneStory được đào tạo bài bản tại các trường đại học và viện nghiên cứu uy tín trong và ngoài nước.

4. Dịch vụ chuyên nghiệp: GeneStory cung cấp dịch vụ tư vấn và chăm sóc khách hàng chuyên nghiệp, tận tâm. GeneStory cam kết mang đến cho khách hàng trải nghiệm dịch vụ tốt nhất.

5. Hệ sinh thái y tế: GeneStory là một phần của hệ sinh thái y tế Vinmec, tập đoàn y tế hàng đầu Việt Nam. Điều này giúp GeneStory có thể kết nối với các dịch vụ y tế khác như khám sức khỏe, điều trị bệnh, v.v. để cung cấp cho khách hàng giải pháp chăm sóc sức khỏe toàn diện.

Ngoài những điểm khác biệt trên, GeneStory còn nổi bật với:

Giá cả cạnh tranh: GeneStory cung cấp các gói giải mã gen với mức giá cạnh tranh, phù hợp với nhiều đối tượng khách hàng.
Tính bảo mật cao: GeneStory cam kết bảo mật thông tin gen của khách hàng theo các tiêu chuẩn quốc tế.
Tính minh bạch: GeneStory cung cấp cho khách hàng các báo cáo giải mã gen dễ hiểu và minh bạch.
Với những điểm khác biệt và nổi bật trên, GeneStory đang dần khẳng định vị thế là công ty công nghệ gen hàng đầu Việt Nam.",Introducing GeneStory company,"How is GeneStory different from other biotechnology companies in Vietnam? Reasons for choosing GeneStory, highlights, advantages, reputation?","Differences and highlights of GeneStory compared to other biotechnology companies in Vietnam:
1. Vietnamese genetic data: GeneStory owns the largest Vietnamese genetic data warehouse in Vietnam with more than 1,000 decoded genomes. This data is collected from reputable scientific research projects and is continuously updated. Using Vietnamese genetic data helps GeneStory provide gene decoding services that are more accurate and suitable for Vietnamese people.

2. Advanced technology: GeneStory applies the most advanced gene decoding technologies in the world such as Illumina NovaSeq 6000, ensuring high accuracy and reliability. GeneStory also invests heavily in research and technology development to improve service quality.

3. Team of experts: GeneStory owns a team of experienced experts in the field of gene decoding and genetics. GeneStory's experts are well-trained at prestigious universities and research institutes at home and abroad.

4. Professional service: GeneStory provides professional, dedicated consulting and customer care services. GeneStory is committed to providing customers with the best service experience.

5. Medical ecosystem: GeneStory is part of the Vinmec medical ecosystem, Vietnam's leading medical corporation. This helps GeneStory connect with other medical services such as health examinations, disease treatment, etc. to provide customers with comprehensive health care solutions.

In addition to the above differences, GeneStory also stands out with:

Competitive prices: GeneStory provides gene decoding packages at competitive prices, suitable for many customers.
High security: GeneStory is committed to protecting customers' genetic information according to international standards.
Transparency: GeneStory provides customers with easy-to-understand and transparent gene sequencing reports.
With the above differences and highlights, GeneStory is gradually asserting its position as the leading gene technology company in Vietnam.",,"Topic: Giới thiệu về công ty GeneStory
Summary: GeneStory khác biệt với các công ty công nghệ sinh học khác ở Việt Nam như thế nào? Lý do lựa chọn GeneStory, điểm nổi bật, ưu điểm, sự uy tín?
Description: Điểm khác biệt và nổi bật của GeneStory so với các công ty công nghệ sinh học khác ở Việt Nam:
1. Dữ liệu gen người Việt: GeneStory sở hữu kho dữ liệu gen người Việt lớn nhất Việt Nam với hơn 1.000 bộ gen được giải mã. Dữ liệu này được thu thập từ các dự án nghiên cứu khoa học uy tín và được cập nhật liên tục. Việc sử dụng dữ liệu gen người Việt giúp GeneStory cung cấp các dịch vụ giải mã gen chính xác và phù hợp hơn với người Việt Nam.

2. Công nghệ tiên tiến: GeneStory ứng dụng các công nghệ giải mã gen tiên tiến nhất trên thế giới như Illumina NovaSeq 6000, đảm bảo độ chính xác và tin cậy cao. GeneStory cũng đầu tư mạnh mẽ vào nghiên cứu và phát triển công nghệ để nâng cao chất lượng dịch vụ.

3. Đội ngũ chuyên gia: GeneStory sở hữu đội ngũ chuyên gia giàu kinh nghiệm trong lĩnh vực giải mã gen và di truyền học. Các chuyên gia của GeneStory được đào tạo bài bản tại các trường đại học và viện nghiên cứu uy tín trong và ngoài nước.

4. Dịch vụ chuyên nghiệp: GeneStory cung cấp dịch vụ tư vấn và chăm sóc khách hàng chuyên nghiệp, tận tâm. GeneStory cam kết mang đến cho khách hàng trải nghiệm dịch vụ tốt nhất.

5. Hệ sinh thái y tế: GeneStory là một phần của hệ sinh thái y tế Vinmec, tập đoàn y tế hàng đầu Việt Nam. Điều này giúp GeneStory có thể kết nối với các dịch vụ y tế khác như khám sức khỏe, điều trị bệnh, v.v. để cung cấp cho khách hàng giải pháp chăm sóc sức khỏe toàn diện.

Ngoài những điểm khác biệt trên, GeneStory còn nổi bật với:

Giá cả cạnh tranh: GeneStory cung cấp các gói giải mã gen với mức giá cạnh tranh, phù hợp với nhiều đối tượng khách hàng.
Tính bảo mật cao: GeneStory cam kết bảo mật thông tin gen của khách hàng theo các tiêu chuẩn quốc tế.
Tính minh bạch: GeneStory cung cấp cho khách hàng các báo cáo giải mã gen dễ hiểu và minh bạch.
Với những điểm khác biệt và nổi bật trên, GeneStory đang dần khẳng định vị thế là công ty công nghệ gen hàng đầu Việt Nam.
Embedded Link: No link provided"
GS_03,Giới thiệu về công ty GeneStory,Lựa chọn công ty ở Việt Nam trong lĩnh vực xét nghiệm gene,"Dưới đây là một số công ty xét nghiệm gen uy tín tại Việt Nam:
1. GeneStory (2022)
2. Gene Solutions (2014)
3. Trung tâm xét nghiệm ADN GENTIS (2004)
4. Viện di truyền y học - Bệnh viện Đại học Y Dược TP.HCM (2003)
5. Trung tâm xét nghiệm Medlatec (2007)
6. Genetica (2014)

Lưu ý: Khi lựa chọn công ty xét nghiệm gen, bạn nên cân nhắc các yếu tố sau:
- Uy tín của công ty
- Chất lượng dịch vụ
- Giá cả
- Chuyên môn của đội ngũ nhân viên",Introducing GeneStory company,Choose a company in Vietnam in the field of genetic testing,"Below are some reputable genetic testing companies in Vietnam:
1. GeneStory (2022)
2. Gene Solutions (2014)
3. GENTIS DNA Testing Center (2004)
4. Institute of Medical Genetics - Ho Chi Minh City University of Medicine and Pharmacy Hospital (2003)
5. Medlatec Testing Center (2007)
6. Genetica (2014)

Note: When choosing a genetic testing company, you should consider the following factors:
- Reputation of the company
- Service quality
- Price
- Expertise of staff",,"Topic: Giới thiệu về công ty GeneStory
Summary: Lựa chọn công ty ở Việt Nam trong lĩnh vực xét nghiệm gene
Description: Dưới đây là một số công ty xét nghiệm gen uy tín tại Việt Nam:
1. GeneStory (2022)
2. Gene Solutions (2014)
3. Trung tâm xét nghiệm ADN GENTIS (2004)
4. Viện di truyền y học - Bệnh viện Đại học Y Dược TP.HCM (2003)
5. Trung tâm xét nghiệm Medlatec (2007)
6. Genetica (2014)

Lưu ý: Khi lựa chọn công ty xét nghiệm gen, bạn nên cân nhắc các yếu tố sau:
- Uy tín của công ty
- Chất lượng dịch vụ
- Giá cả
- Chuyên môn của đội ngũ nhân viên
Embedded Link: No link provided"
GS_04,Giới thiệu về công ty GeneStory,Các công nghệ và quy trình chất lượng,"GeneStory sử dụng nhiều công nghệ tiên tiến trong lĩnh vực giải mã gen và di truyền học, bao gồm:

1. Giải mã gen toàn bộ bộ gen (Whole Genome Sequencing - WGS): Công nghệ này cho phép xác định trình tự tất cả các cặp base trong bộ gen của một người, cung cấp thông tin toàn diện về di truyền của họ.

2. Giải mã gen Exome (Exome Sequencing): Exome là phần mã hóa protein của bộ gen, chiếm khoảng 1% tổng bộ gen. Giải mã exome tập trung vào khu vực này để tìm kiếm các biến thể gen có liên quan đến bệnh di truyền.

3. Kỹ thuật Panel Gen: Kỹ thuật này cho phép phân tích một nhóm gen cụ thể được chọn lọc dựa trên các yếu tố như nguy cơ mắc bệnh, triệu chứng hoặc đặc điểm di truyền.

4. Trình tự gen Sanger: Đây là một kỹ thuật truyền thống được sử dụng để xác định trình tự DNA của một đoạn gen cụ thể.

5. Trí tuệ nhân tạo và học máy: AI được sử dụng để phân tích dữ liệu gen và đưa ra các dự đoán chính xác hơn về nguy cơ mắc bệnh và phát triển các ứng dụng mới của công nghệ gen trong lĩnh vực y học và sức khỏe.

6. Nền tảng dữ liệu lớn: GeneStory sở hữu một nền tảng dữ liệu lớn về gen người Việt, được xây dựng từ dự án giải mã 1.000 bộ gen người Việt. Nền tảng này giúp GeneStory đưa ra các kết quả giải mã gen chính xác và phù hợp với người Việt Nam.

7. Công nghệ điện toán đám mây: GeneStory sử dụng công nghệ điện toán đám mây để lưu trữ và xử lý dữ liệu gen một cách an toàn và hiệu quả.

Ngoài các công nghệ trên, GeneStory cũng hợp tác với các viện nghiên cứu và công ty công nghệ hàng đầu trong lĩnh vực giải mã gen để cập nhật và ứng dụng những công nghệ mới nhất vào dịch vụ của mình.",Introducing GeneStory company,Quality technologies and processes,"GeneStory uses many advanced technologies in the field of gene decoding and genetics, including:

1. Whole Genome Sequencing (WGS): This technology allows determining the sequence of all base pairs in a person's genome, providing comprehensive information about their genetics.

2. Exome Sequencing: Exome is the protein-coding part of the genome, accounting for about 1% of the total genome. Exome decoding focuses on this region to look for gene variations that are associated with genetic disease.

3. Gene Panel technique: This technique allows the analysis of a specific group of genes selected based on factors such as disease risk, symptoms or genetic characteristics.

4. Sanger gene sequencing: This is a traditional technique used to determine the DNA sequence of a specific gene segment.

5. Artificial intelligence and machine learning: AI is used to analyze genomic data and make more accurate predictions about disease risk and develop new applications of genomic technology in the field of medicine and health.

6. Big data platform: GeneStory owns a large data platform about Vietnamese genes, built from a project to decode 1,000 Vietnamese genomes. This platform helps GeneStory provide accurate and suitable gene decoding results for Vietnamese people.

7. Cloud computing technology: GeneStory uses cloud computing technology to store and process genetic data safely and effectively.

In addition to the above technologies, GeneStory also cooperates with leading research institutes and technology companies in the field of gene decoding to update and apply the latest technologies to its services.",,"Topic: Giới thiệu về công ty GeneStory
Summary: Các công nghệ và quy trình chất lượng
Description: GeneStory sử dụng nhiều công nghệ tiên tiến trong lĩnh vực giải mã gen và di truyền học, bao gồm:

1. Giải mã gen toàn bộ bộ gen (Whole Genome Sequencing - WGS): Công nghệ này cho phép xác định trình tự tất cả các cặp base trong bộ gen của một người, cung cấp thông tin toàn diện về di truyền của họ.

2. Giải mã gen Exome (Exome Sequencing): Exome là phần mã hóa protein của bộ gen, chiếm khoảng 1% tổng bộ gen. Giải mã exome tập trung vào khu vực này để tìm kiếm các biến thể gen có liên quan đến bệnh di truyền.

3. Kỹ thuật Panel Gen: Kỹ thuật này cho phép phân tích một nhóm gen cụ thể được chọn lọc dựa trên các yếu tố như nguy cơ mắc bệnh, triệu chứng hoặc đặc điểm di truyền.

4. Trình tự gen Sanger: Đây là một kỹ thuật truyền thống được sử dụng để xác định trình tự DNA của một đoạn gen cụ thể.

5. Trí tuệ nhân tạo và học máy: AI được sử dụng để phân tích dữ liệu gen và đưa ra các dự đoán chính xác hơn về nguy cơ mắc bệnh và phát triển các ứng dụng mới của công nghệ gen trong lĩnh vực y học và sức khỏe.

6. Nền tảng dữ liệu lớn: GeneStory sở hữu một nền tảng dữ liệu lớn về gen người Việt, được xây dựng từ dự án giải mã 1.000 bộ gen người Việt. Nền tảng này giúp GeneStory đưa ra các kết quả giải mã gen chính xác và phù hợp với người Việt Nam.

7. Công nghệ điện toán đám mây: GeneStory sử dụng công nghệ điện toán đám mây để lưu trữ và xử lý dữ liệu gen một cách an toàn và hiệu quả.

Ngoài các công nghệ trên, GeneStory cũng hợp tác với các viện nghiên cứu và công ty công nghệ hàng đầu trong lĩnh vực giải mã gen để cập nhật và ứng dụng những công nghệ mới nhất vào dịch vụ của mình.
Embedded Link: No link provided"
PAY_01,Thanh toán dịch vụ,"Các phương thức thanh toán của khách hàng, chuyển khoản ngân hàng, thẻ tín dụng, thẻ ghi nợ, tiền mặt, thanh toán trực tiếp","Công ty Cổ phần GeneStory hỗ trợ nhiều phương thức thanh toán khác nhau để khách hàng có thể chọn theo nhu cầu. Dưới đây là một số phương thức thanh toán mà khách hàng có thể sử dụng:

1. Chuyển khoản Ngân hàng: Khách hàng có thể sử dụng dịch vụ internet banking của ngân hàng để chuyển tiền trực tuyến. Công ty sẽ cung cấp tên Công ty và số tài khoản của khách hàng trong phần thông báo cho phép khách hàng chuyển khoản thanh toán.

2. Thu phí bằng thẻ tín dụng hoặc thẻ ghi nợ: Khách hàng có thể thanh toán qua thẻ tín dụng hoặc thẻ ghi nợ của họ thông qua các phương thức thanh toán trực tuyến hoặc qua ứng dụng di động của bên thứ ba.

3. Hoặc thanh toán bằng tiền mặt: Công ty có thể chấp nhận thanh toán bằng tiền mặt thông qua các phương thức giao dịch như nhận tiền chuyển khoản hoặc thanh toán tại trung tâm giao dịch.

Để biết thêm thông tin chi tiết về cách thanh toán tại GeneStory, khách hàng có thể liên hệ trực tiếp với đội ngũ chăm sóc khách hàng của công ty qua hotline hoặc email.",Service payment,"Customer payment methods, bank transfer, credit card, debit card, cash, direct payment","GeneStory Joint Stock Company supports many different payment methods so customers can choose according to their needs. Here are some payment methods customers can use:

1. Bank Transfer: Customers can use the bank's internet banking service to transfer money online. The Company will provide the Company name and the customer's account number in the notification allowing the customer to transfer payment.

2. Charge by credit or debit card: Customers can pay with their credit or debit card through online payment methods or through third-party mobile applications.

3. Or pay in cash: The company can accept payment in cash through transaction methods such as receiving money transfer or paying at a transaction center.

For more detailed information on how to pay at GeneStory, customers can contact the company's customer care team directly via hotline or email.",,"Topic: Thanh toán dịch vụ
Summary: Các phương thức thanh toán của khách hàng, chuyển khoản ngân hàng, thẻ tín dụng, thẻ ghi nợ, tiền mặt, thanh toán trực tiếp
Description: Công ty Cổ phần GeneStory hỗ trợ nhiều phương thức thanh toán khác nhau để khách hàng có thể chọn theo nhu cầu. Dưới đây là một số phương thức thanh toán mà khách hàng có thể sử dụng:

1. Chuyển khoản Ngân hàng: Khách hàng có thể sử dụng dịch vụ internet banking của ngân hàng để chuyển tiền trực tuyến. Công ty sẽ cung cấp tên Công ty và số tài khoản của khách hàng trong phần thông báo cho phép khách hàng chuyển khoản thanh toán.

2. Thu phí bằng thẻ tín dụng hoặc thẻ ghi nợ: Khách hàng có thể thanh toán qua thẻ tín dụng hoặc thẻ ghi nợ của họ thông qua các phương thức thanh toán trực tuyến hoặc qua ứng dụng di động của bên thứ ba.

3. Hoặc thanh toán bằng tiền mặt: Công ty có thể chấp nhận thanh toán bằng tiền mặt thông qua các phương thức giao dịch như nhận tiền chuyển khoản hoặc thanh toán tại trung tâm giao dịch.

Để biết thêm thông tin chi tiết về cách thanh toán tại GeneStory, khách hàng có thể liên hệ trực tiếp với đội ngũ chăm sóc khách hàng của công ty qua hotline hoặc email.
Embedded Link: No link provided"
PAY_02,Thanh toán dịch vụ,Các điều kiện để đổi dịch vụ,"Đối với dịch vụ đổi, Khách hàng cần đáp ứng các điều kiện sau:
- Chuyển đổi trong vòng 15 ngày kể từ ngày đăng ký dịch vụ và trước khi Công ty thực hiện phân tích và giải mã gen.
- Phí thay đổi phải bằng hoặc cao hơn giá phí đã đăng ký trước đó.
- Trong trường hợp dịch vụ mà Khách hàng muốn đổi có giá dịch vụ cao hơn giá dịch vụ đã đăng ký, Khách hàng phải thanh toán phí giá dịch vụ chênh lệch trong vòng 03 ngày kể từ ngày phát sinh yêu cầu đổi dịch vụ.
- Trong trường hợp dịch vụ mà Khách hàng muốn đổi có giá dịch vụ bằng giá dịch vụ đã đăng ký, Khách hàng không phải thanh toán phí chênh lệch dịch vụ.
- Trong trường hợp dịch vụ mà Khách hàng muốn đổi có giá dịch vụ thấp hơn giá dịch vụ đã đăng ký, Khách hàng không phải trả thêm phí nhưng sẽ không được hoàn lại thanh toán phí chênh lệch dịch vụ.",Service payment,Conditions for changing services,"For exchange service, Customers need to meet the following conditions:
- Convert within 15 days from the date of service registration and before the Company performs genetic analysis and decoding.
- The change fee must be equal to or higher than the previously registered fee.
- In case the service that the Customer wants to exchange has a service price higher than the registered service price, the Customer must pay the difference in service price within 03 days from the date of the request to change the service.
- In case the service that the Customer wants to exchange has a service price equal to the registered service price, the Customer does not have to pay the service difference fee.
- In case the service that the Customer wants to exchange has a lower service price than the registered service price, the Customer does not have to pay additional fees but will not be refunded the service difference.",,"Topic: Thanh toán dịch vụ
Summary: Các điều kiện để đổi dịch vụ
Description: Đối với dịch vụ đổi, Khách hàng cần đáp ứng các điều kiện sau:
- Chuyển đổi trong vòng 15 ngày kể từ ngày đăng ký dịch vụ và trước khi Công ty thực hiện phân tích và giải mã gen.
- Phí thay đổi phải bằng hoặc cao hơn giá phí đã đăng ký trước đó.
- Trong trường hợp dịch vụ mà Khách hàng muốn đổi có giá dịch vụ cao hơn giá dịch vụ đã đăng ký, Khách hàng phải thanh toán phí giá dịch vụ chênh lệch trong vòng 03 ngày kể từ ngày phát sinh yêu cầu đổi dịch vụ.
- Trong trường hợp dịch vụ mà Khách hàng muốn đổi có giá dịch vụ bằng giá dịch vụ đã đăng ký, Khách hàng không phải thanh toán phí chênh lệch dịch vụ.
- Trong trường hợp dịch vụ mà Khách hàng muốn đổi có giá dịch vụ thấp hơn giá dịch vụ đã đăng ký, Khách hàng không phải trả thêm phí nhưng sẽ không được hoàn lại thanh toán phí chênh lệch dịch vụ.
Embedded Link: No link provided"
PAY_03,Thanh toán dịch vụ,Chính sách hủy dich vụ và phí thanh toán,"Khi Khách hàng không nhận được sản phẩm và không liên hệ với Công ty, Khách hàng có quyền yêu cầu hủy dịch vụ và Công ty sẽ xem xét điều đó. Tuy nhiên, Khách hàng cần thông báo cho chúng tôi trong thời hạn 30 ngày kể từ ngày đến hạn. Nếu sau thời gian này, chúng tôi không nhận được yêu cầu hủy dịch vụ và sản phẩm đã được thực hiện đúng theo tiến độ, Khách hàng sẽ không được hoàn trả tiền hoặc trừ phí đã được yêu cầu theo chính sách hủy dịch vụ.

Liên quan đến phiếu thanh toán và phiếu đạt chuẩn, chúng tôi yêu cầu Khách hàng gửi thông tin hoàn thiện Mẫu đạt chuẩn (như yêu cầu của CSDL) và một Phiếu thanh toán trước khi tiến hành giao hàng để đảm bảo tiến trình tốt nhất.",Service payment,Cancellation policy and payment fees,"When the Customer does not receive the product and does not contact the Company, the Customer has the right to request to cancel the service and the Company will consider it. However, the Customer needs to notify us within 30 days from the due date. If after this time, we do not receive a request to cancel the service and the product has been completed according to schedule, the Customer will not be refunded or deducted the requested fee according to the service cancellation policy.

Regarding Payment Voucher and Qualification Voucher, we require the Customer to submit information to complete the Qualification Form (as required by the database) and a Payment Voucher before proceeding with delivery to ensure the best process. .",,"Topic: Thanh toán dịch vụ
Summary: Chính sách hủy dich vụ và phí thanh toán
Description: Khi Khách hàng không nhận được sản phẩm và không liên hệ với Công ty, Khách hàng có quyền yêu cầu hủy dịch vụ và Công ty sẽ xem xét điều đó. Tuy nhiên, Khách hàng cần thông báo cho chúng tôi trong thời hạn 30 ngày kể từ ngày đến hạn. Nếu sau thời gian này, chúng tôi không nhận được yêu cầu hủy dịch vụ và sản phẩm đã được thực hiện đúng theo tiến độ, Khách hàng sẽ không được hoàn trả tiền hoặc trừ phí đã được yêu cầu theo chính sách hủy dịch vụ.

Liên quan đến phiếu thanh toán và phiếu đạt chuẩn, chúng tôi yêu cầu Khách hàng gửi thông tin hoàn thiện Mẫu đạt chuẩn (như yêu cầu của CSDL) và một Phiếu thanh toán trước khi tiến hành giao hàng để đảm bảo tiến trình tốt nhất.
Embedded Link: No link provided"
PRI_01,Bảo mật và quyền riêng tư,Bảo mật dữ liệu và thông tin khách hàng và quyền riêng tư,"GeneStory xử lý tất cả thông tin cá nhân của khách hàng một cách bảo mật và không tiết lộ cho bên thứ ba mà không có sự cho phép trước. Chúng tôi đảm bảo an ninh dữ liệu và quyền riêng tư của người dùng bằng cách tuân thủ các quy định pháp lý, duy trì tính bí mật và tuân thủ các Quy định Quyền riêng tư của Hoa Kỳ. Chúng tôi sử dụng các biện pháp bảo mật hàng đầu, tuân thủ các tiêu chuẩn nghiêm ngặt và cập nhật chính sách bảo mật để bảo vệ quyền lợi của khách hàng. Chúng tôi ưu tiên an ninh dữ liệu và quyền riêng tư, tuân thủ các tiêu chuẩn quốc tế như ISO/IEC 27001:2013, OWASP, NIST và SANS. Chúng tôi mã hóa thông tin nhạy cảm cả khi lưu trữ và truyền tải và hạn chế truy cập chỉ cho nhân viên được ủy quyền. Chúng tôi có một đội ngũ các chuyên gia bảo mật giàu kinh nghiệm để giải quyết các vấn đề bảo mật và hạn chế chia sẻ thông tin với bên thứ ba trừ khi có sự đồng ý hoặc cho mục đích nghiên cứu khoa học.",Security and privacy,Customer data and information security and privacy,"GeneStory treats all customer personal information securely and does not disclose it to third parties without prior authorization. We ensure data security and user privacy by complying with legal regulations, maintaining confidentiality, and complying with the US Privacy Regulations. We use leading security measures, adhere to strict standards and update our privacy policies to protect our customers' interests. We prioritize data security and privacy, complying with international standards such as ISO/IEC 27001:2013, OWASP, NIST and SANS. We encrypt sensitive information both at rest and in transit and restrict access to only authorized personnel. We have a team of experienced security experts to address security issues and limit information sharing with third parties except with consent or for scientific research purposes.",,"Topic: Bảo mật và quyền riêng tư
Summary: Bảo mật dữ liệu và thông tin khách hàng và quyền riêng tư
Description: GeneStory xử lý tất cả thông tin cá nhân của khách hàng một cách bảo mật và không tiết lộ cho bên thứ ba mà không có sự cho phép trước. Chúng tôi đảm bảo an ninh dữ liệu và quyền riêng tư của người dùng bằng cách tuân thủ các quy định pháp lý, duy trì tính bí mật và tuân thủ các Quy định Quyền riêng tư của Hoa Kỳ. Chúng tôi sử dụng các biện pháp bảo mật hàng đầu, tuân thủ các tiêu chuẩn nghiêm ngặt và cập nhật chính sách bảo mật để bảo vệ quyền lợi của khách hàng. Chúng tôi ưu tiên an ninh dữ liệu và quyền riêng tư, tuân thủ các tiêu chuẩn quốc tế như ISO/IEC 27001:2013, OWASP, NIST và SANS. Chúng tôi mã hóa thông tin nhạy cảm cả khi lưu trữ và truyền tải và hạn chế truy cập chỉ cho nhân viên được ủy quyền. Chúng tôi có một đội ngũ các chuyên gia bảo mật giàu kinh nghiệm để giải quyết các vấn đề bảo mật và hạn chế chia sẻ thông tin với bên thứ ba trừ khi có sự đồng ý hoặc cho mục đích nghiên cứu khoa học.
Embedded Link: No link provided"
SER_01,Sản phẩm và dịch vụ,Dịch vụ liên quan đến kiểm soát thai kỳ,GeneStory không cung cấp các sản phẩm và dịch vụ liên quan đến việc kiểm soát thai kỳ.,Products and services,Services related to pregnancy control,GeneStory does not provide products and services related to pregnancy management.,,"Topic: Sản phẩm và dịch vụ
Summary: Dịch vụ liên quan đến kiểm soát thai kỳ
Description: GeneStory không cung cấp các sản phẩm và dịch vụ liên quan đến việc kiểm soát thai kỳ.
Embedded Link: No link provided"
SER_02,Sản phẩm và dịch vụ,Hướng dẫn đặt mua hàng,"Để đặt mua sản phẩm của Công ty GeneStory, bạn có thể truy cập trang web của công ty tại địa chỉ [GeneStory](https://genestory.ai) để chọn sản phẩm mong muốn. 
Sau khi chọn được sản phẩm phù hợp bạn nhấn vào nút ""Tư vấn thêm"", GeneStory sẽ liên hệ với bạn để tư vấn về sản phẩm phù hợp nhất cho bạn. 

Ngoài ra, bạn cũng có thể mua sản phẩm GeneStory bằng cách gọi: 1800 888 680 hoặc đến trực tiếp văn phòng GeneStory tại địa chỉ: Tòa nhà văn phòng Symphony, đường Chu Huy Mân, Khu đô thị sinh thái Vinhome Riverside, Phường Phúc Lợi, Quận Long Biên, Thành phố Hà Nội.",Products and services,Instructions for ordering,"To order products from GeneStory Company, you can visit the company's website at [GeneStory](https://genestory.ai) to select the desired product.
After choosing the suitable product, click the ""Further consultation"" button, GeneStory will contact you to advise on the most suitable product for you.

In addition, you can also buy GeneStory products by calling: 1800 888 680 or coming directly to the GeneStory office at: Symphony office building, Chu Huy Man street, Vinhome Riverside ecological urban area, Phuc Ward Loi, Long Bien District, Hanoi City.",,"Topic: Sản phẩm và dịch vụ
Summary: Hướng dẫn đặt mua hàng
Description: Để đặt mua sản phẩm của Công ty GeneStory, bạn có thể truy cập trang web của công ty tại địa chỉ [GeneStory](https://genestory.ai) để chọn sản phẩm mong muốn. 
Sau khi chọn được sản phẩm phù hợp bạn nhấn vào nút ""Tư vấn thêm"", GeneStory sẽ liên hệ với bạn để tư vấn về sản phẩm phù hợp nhất cho bạn. 

Ngoài ra, bạn cũng có thể mua sản phẩm GeneStory bằng cách gọi: 1800 888 680 hoặc đến trực tiếp văn phòng GeneStory tại địa chỉ: Tòa nhà văn phòng Symphony, đường Chu Huy Mân, Khu đô thị sinh thái Vinhome Riverside, Phường Phúc Lợi, Quận Long Biên, Thành phố Hà Nội.
Embedded Link: No link provided"
SER_03,Chương trình khuyến mãi,Chương trình khuyến mãi,"Để nắm rõ thông tin các chương trình khuyến mãi, cần theo dõi các nền tảng truyền thông như facebook, instagram,.. và trang web chính thức của GeneStory.",Promotions,Promotions,"To understand information about promotions, you need to follow media platforms such as facebook, instagram,... and GeneStory's official website.",,"Topic: Chương trình khuyến mãi
Summary: Chương trình khuyến mãi
Description: Để nắm rõ thông tin các chương trình khuyến mãi, cần theo dõi các nền tảng truyền thông như facebook, instagram,.. và trang web chính thức của GeneStory.
Embedded Link: No link provided"
SER_04,Sản phẩm và dịch vụ,Danh sách tổng hợp các gói giải mã gen,"GeneStory cung cấp dòng sản phẩm GeneMap được thiết kế cho cả trẻ em và người lớn là GeneMap-Kid và GeneMap-Adult.

Ngoài ra, khách hàng có thể lựa chọn mua thêm các sản phẩm mở rộng từ gói GeneMap. Các gói mở rộng này bao gồm GeneMap-TD2, GeneMap-Fitness, GeneMap-Nutri, GeneMap-Skin, GeneMap-Mental và GeneMap-Ancestor (lưu ý là các gói mở rộng không có sẵn để mua lẻ). Ngoài ra, thẻ Genemark Genestory là một sản phẩm mới được phát triển bởi Genestory để giúp người dùng truy cập và quản lý dữ liệu gen của họ một cách dễ dàng hơn. 

Đối với những người đang tìm kiếm một gói giải mã gen toàn diện, GeneMap-Combo bao gồm gói GeneMap và tất cả các tính năng bổ sung (GeneMap Combo không bao gồm GeneMark)",Products and services,Comprehensive list of gene decoding packages,"GeneStory offers a line of GeneMap products designed for both children and adults, GeneMap-Kid and GeneMap-Adult.

In addition, customers can choose to purchase additional extension products from the GeneMap package. These expansion packs include GeneMap-TD2, GeneMap-Fitness, GeneMap-Nutri, GeneMap-Skin, GeneMap-Mental, and GeneMap-Ancestor (note that expansion packs are not available for retail purchase). Additionally, the Genestory Genemark tag is a new product developed by Genestory to help users access and manage their genetic data more easily.

For those looking for a comprehensive genome sequencing package, GeneMap-Combo includes the GeneMap package and all additional features (GeneMap Combo does not include GeneMark)",,"Topic: Sản phẩm và dịch vụ
Summary: Danh sách tổng hợp các gói giải mã gen
Description: GeneStory cung cấp dòng sản phẩm GeneMap được thiết kế cho cả trẻ em và người lớn là GeneMap-Kid và GeneMap-Adult.

Ngoài ra, khách hàng có thể lựa chọn mua thêm các sản phẩm mở rộng từ gói GeneMap. Các gói mở rộng này bao gồm GeneMap-TD2, GeneMap-Fitness, GeneMap-Nutri, GeneMap-Skin, GeneMap-Mental và GeneMap-Ancestor (lưu ý là các gói mở rộng không có sẵn để mua lẻ). Ngoài ra, thẻ Genemark Genestory là một sản phẩm mới được phát triển bởi Genestory để giúp người dùng truy cập và quản lý dữ liệu gen của họ một cách dễ dàng hơn. 

Đối với những người đang tìm kiếm một gói giải mã gen toàn diện, GeneMap-Combo bao gồm gói GeneMap và tất cả các tính năng bổ sung (GeneMap Combo không bao gồm GeneMark)
Embedded Link: No link provided"
SER_05,Sản phẩm và dịch vụ,"GeneMap Kid (Gói sản phẩm chính - chỉ dành cho trẻ em)
Giá: 4,800,000","Gói GeneMap Kid (dành cho trẻ em) có giá là 4.800.000 cung cấp các thông tin sau:
- Mô hình tính cách big5: Bất ổn cảm xúc, Cởi mở, Dễ chịu, Hướng nội - Hướng ngoại, Tận tâm - Thận trọng
- RIASEC: Người hành động, Người trợ giúp, Nhà sáng tạo, Nhà tư tưởng, Người thương thuyết, Nhà tổ chức.
- 8 nhóm thông minh (Gardner): Không gian - thị giác, Toán học - logic, Âm nhạc, Ngôn ngữ, Thể chất, Xã hội, Nội tâm, Tự nhiên.
- Hồ sơ gen trọn đời về đáp ứng thuốc 170+ loại thuốc dùng trong điều trị 20 nhóm bệnh: thuốc gây mê, chống nôn, điều trị gout, chống nhiễm trùng, chống viêm giảm đau, điều trị ung thư, tim mạch, tiểu đường, tâm thần…",Products and services,"GeneMap Kid (Main product package - for children only)
Price: 4,800,000","GeneMap Kid package (for children) priced at 4,800,000 provides the following information:
- Big 5 personality model: Emotional instability, Openness, Agreeableness, Introversion - Extroversion, Conscientiousness - Cautiousness
- RIASEC: Doer, Helper, Creator, Thinker, Negotiator, Organizer.
- 8 intelligence groups (Gardner): Spatial - visual, Mathematical - logical, Musical, Linguistic, Physical, Social, Introspective, Natural.
- Lifetime genetic profile of drug response of 170+ drugs used in the treatment of 20 disease groups: anesthetics, antiemetics, gout treatment, anti-infection, anti-inflammatory and analgesic, cancer treatment, cardiovascular, diabetes, mental illness…",https://qa.genestory.ai/home/home/package/genemap-kid/,"Topic: Sản phẩm và dịch vụ
Summary: GeneMap Kid (Gói sản phẩm chính - chỉ dành cho trẻ em)
Giá: 4,800,000
Description: Gói GeneMap Kid (dành cho trẻ em) có giá là 4.800.000 cung cấp các thông tin sau:
- Mô hình tính cách big5: Bất ổn cảm xúc, Cởi mở, Dễ chịu, Hướng nội - Hướng ngoại, Tận tâm - Thận trọng
- RIASEC: Người hành động, Người trợ giúp, Nhà sáng tạo, Nhà tư tưởng, Người thương thuyết, Nhà tổ chức.
- 8 nhóm thông minh (Gardner): Không gian - thị giác, Toán học - logic, Âm nhạc, Ngôn ngữ, Thể chất, Xã hội, Nội tâm, Tự nhiên.
- Hồ sơ gen trọn đời về đáp ứng thuốc 170+ loại thuốc dùng trong điều trị 20 nhóm bệnh: thuốc gây mê, chống nôn, điều trị gout, chống nhiễm trùng, chống viêm giảm đau, điều trị ung thư, tim mạch, tiểu đường, tâm thần…
Embedded Link: https://qa.genestory.ai/home/home/package/genemap-kid/"
SER_06,Sản phẩm và dịch vụ,"GeneMap Adult (Sản phẩm chính - chỉ dành cho người lớn)
Giá: 4,800,000","Gói GeneMap Adult (dành cho người lớn) có giá là 4.800.000 cung cấp các thông tin sau:
- Mô hình tính cách big5: Bất ổn cảm xúc, Cởi mở, Dễ chịu, Hướng nội - Hướng ngoại, Tận tâm - Thận trọn
- RIASEC: Người hành động, Người trợ giúp, Nhà sáng tạo, Nhà tư tưởng, Người thương thuyết, Nhà tổ chức.
- Dự báo nguy cơ mắc các bệnh: Ung thư vú, Ung thư đại trực tràng, Gút, Cao huyết áp, Động mạch vành, Rung tâm nhĩ và đưa ra khuyến nghị lối sống và tầm soát định kỳ dựa trên kết quả báo cáo.
- Hồ sơ gen trọn đời về đáp ứng thuốc 170+ loại thuốc dùng trong điều trị 20 nhóm bệnh: thuốc gây mê, chống nôn, điều trị gout, chống nhiễm trùng, chống viêm giảm đau, điều trị ung thư, tim mạch, tiểu đường, tâm thần…",Products and services,"GeneMap Adult (Main product - adults only)
Price: 4,800,000","GeneMap Adult package (for adults) priced at 4,800,000 provides the following information:
- Big5 personality model: Emotional instability, Openness, Agreeableness, Introversion - Extroversion, Conscientiousness - Conscientiousness
- RIASEC: Doer, Helper, Creator, Thinker, Negotiator, Organizer.
- Predict the risk of diseases: Breast cancer, Colorectal cancer, Gout, High blood pressure, Coronary artery disease, Atrial fibrillation and provide lifestyle recommendations and periodic screening based on reported results .
- Lifetime genetic profile of drug response of 170+ drugs used in the treatment of 20 disease groups: anesthetics, antiemetics, gout treatment, anti-infection, anti-inflammatory and analgesic, cancer treatment, cardiovascular, diabetes, mental illness…",https://qa.genestory.ai/home/home/package/genemap-adult/,"Topic: Sản phẩm và dịch vụ
Summary: GeneMap Adult (Sản phẩm chính - chỉ dành cho người lớn)
Giá: 4,800,000
Description: Gói GeneMap Adult (dành cho người lớn) có giá là 4.800.000 cung cấp các thông tin sau:
- Mô hình tính cách big5: Bất ổn cảm xúc, Cởi mở, Dễ chịu, Hướng nội - Hướng ngoại, Tận tâm - Thận trọn
- RIASEC: Người hành động, Người trợ giúp, Nhà sáng tạo, Nhà tư tưởng, Người thương thuyết, Nhà tổ chức.
- Dự báo nguy cơ mắc các bệnh: Ung thư vú, Ung thư đại trực tràng, Gút, Cao huyết áp, Động mạch vành, Rung tâm nhĩ và đưa ra khuyến nghị lối sống và tầm soát định kỳ dựa trên kết quả báo cáo.
- Hồ sơ gen trọn đời về đáp ứng thuốc 170+ loại thuốc dùng trong điều trị 20 nhóm bệnh: thuốc gây mê, chống nôn, điều trị gout, chống nhiễm trùng, chống viêm giảm đau, điều trị ung thư, tim mạch, tiểu đường, tâm thần…
Embedded Link: https://qa.genestory.ai/home/home/package/genemap-adult/"
SER_07,Sản phẩm và dịch vụ,"GeneMap-TD2 (Gói sản phẩm mở rộng)
Giá: 1,200,000","Chỉ số nguy cơ mắc bệnh và biến chứng của Đái tháo đường típ 2 do gen (10 chỉ số).
Giá: 1.200.000",Products and services,"GeneMap-TD2 (Extension Product Package)
Price: 1,200,000","Risk index and complications of genetic type 2 diabetes (10 indicators).
Price: 1,200,000",,"Topic: Sản phẩm và dịch vụ
Summary: GeneMap-TD2 (Gói sản phẩm mở rộng)
Giá: 1,200,000
Description: Chỉ số nguy cơ mắc bệnh và biến chứng của Đái tháo đường típ 2 do gen (10 chỉ số).
Giá: 1.200.000
Embedded Link: No link provided"
SER_08,Sản phẩm và dịch vụ,"GeneMap-Fitness (Gói sản phẩm mở rộng)
Giá: 1,250,000","Gói GeneMap-Fitness cung cấp 26 chỉ số về thể chất và luyện tập.
Giá: 1.250.000",Products and services,"GeneMap-Fitness (Extension Product Pack)
Price: 1,250,000","The GeneMap-Fitness package provides 26 fitness and exercise metrics.
Price: 1,250,000",,"Topic: Sản phẩm và dịch vụ
Summary: GeneMap-Fitness (Gói sản phẩm mở rộng)
Giá: 1,250,000
Description: Gói GeneMap-Fitness cung cấp 26 chỉ số về thể chất và luyện tập.
Giá: 1.250.000
Embedded Link: No link provided"
SER_09,Sản phẩm và dịch vụ,"GeneMap-Nutri (Gói sản phẩm mở rộng)
Giá: 1,700,000","Gói GeneMap-Nutri cung cấp 17 chỉ số về dinh dưỡng thuộc các nhóm:
- Nhu cầu 09 loại vitamin thiết yếu: A, B2, B6, B9, B12, C, D, E, K
- Chuyển hoá chất đa lượng: Chất béo không bão hoà đơn, Carbohydrate, Protein, Omega 3 & 6
- Chuyển hóa khoáng chất: Canxi, Magie, Kẽm, Sắt
Giá: 1.700.000",Products and services,"GeneMap-Nutri (Extension Product Pack)
Price: 1,700,000","GeneMap-Nutri package provides 17 nutritional indicators belonging to the following groups:
- Need for 09 essential vitamins: A, B2, B6, B9, B12, C, D, E, K
- Macronutrient metabolism: Monounsaturated fats, Carbohydrates, Protein, Omega 3 & 6
- Mineral metabolism: Calcium, Magnesium, Zinc, Iron
Price: 1,700,000",,"Topic: Sản phẩm và dịch vụ
Summary: GeneMap-Nutri (Gói sản phẩm mở rộng)
Giá: 1,700,000
Description: Gói GeneMap-Nutri cung cấp 17 chỉ số về dinh dưỡng thuộc các nhóm:
- Nhu cầu 09 loại vitamin thiết yếu: A, B2, B6, B9, B12, C, D, E, K
- Chuyển hoá chất đa lượng: Chất béo không bão hoà đơn, Carbohydrate, Protein, Omega 3 & 6
- Chuyển hóa khoáng chất: Canxi, Magie, Kẽm, Sắt
Giá: 1.700.000
Embedded Link: No link provided"
SER_10,Sản phẩm và dịch vụ,"GeneMap-Skin (Gói sản phẩm mở rộng)
Giá: 1,500,000","Gói GeneMap-Skin cung cấp 15 chỉ số về sức khỏe làn da thuộc các nhóm:
- Sức khỏe làn da
- Xu hướng lão hóa
- Sắc tố da
Giá: 1.500.000",Products and services,"GeneMap-Skin (Extension Product Pack)
Price: 1,500,000","GeneMap-Skin package provides 15 skin health indicators belonging to the following groups:
- Skin health
- Aging trend
- Skin pigmentation
Price: 1,500,000",,"Topic: Sản phẩm và dịch vụ
Summary: GeneMap-Skin (Gói sản phẩm mở rộng)
Giá: 1,500,000
Description: Gói GeneMap-Skin cung cấp 15 chỉ số về sức khỏe làn da thuộc các nhóm:
- Sức khỏe làn da
- Xu hướng lão hóa
- Sắc tố da
Giá: 1.500.000
Embedded Link: No link provided"
SER_11,Sản phẩm và dịch vụ,"GeneMap-Mental (Gói sản phẩm mở rộng)
Giá: 400,000","Gói GeneMap-Mental cung cấp 4 chỉ số về nguy cơ bệnh lý tinh thần bao gồm:
- Khuynh hướng lo lắng
- Sức bật tinh thần
- Kiểm soát cơn giận
- Hạnh phúc
- Cảm xúc theo mùa
- Nhạy cảm với từ chối xã hội
Giá: 400.000",Products and services,"GeneMap-Mental (Extension Product Package)
Price: 400,000","GeneMap-Mental package provides 4 indicators of mental disease risk including:
- Tendency to worry
- Mental resilience
- Control anger
- Happy
- Seasonal emotions
- Sensitive to social rejection
Price: 400,000",,"Topic: Sản phẩm và dịch vụ
Summary: GeneMap-Mental (Gói sản phẩm mở rộng)
Giá: 400,000
Description: Gói GeneMap-Mental cung cấp 4 chỉ số về nguy cơ bệnh lý tinh thần bao gồm:
- Khuynh hướng lo lắng
- Sức bật tinh thần
- Kiểm soát cơn giận
- Hạnh phúc
- Cảm xúc theo mùa
- Nhạy cảm với từ chối xã hội
Giá: 400.000
Embedded Link: No link provided"
SER_17,Sản phẩm và dịch vụ,"GeneMap-Disease (Gói sản phẩm mở rộng)
Giá: 500,000","Gói GeneMap-Disease cung cấp 5 chỉ số về nguy cơ bệnh ở trẻ nhỏ (chỉ đi kèm với gói GeneMap-Kid):
- Hen phế quản
- Viêm da cơ địa
- Nha chu
- Cận thị
- Táo bón
Giá: 400.000",Products and services,"GeneMap-Disease (Extension Product Package)
Price: 500,000","GeneMap-Disease package provides 5 indicators of disease risk in young children (only comes with GeneMap-Kid package):
- Asthma
- Atopic dermatitis
- Periodontics
- Short-sighted
- Constipation
Price: 400,000",,"Topic: Sản phẩm và dịch vụ
Summary: GeneMap-Disease (Gói sản phẩm mở rộng)
Giá: 500,000
Description: Gói GeneMap-Disease cung cấp 5 chỉ số về nguy cơ bệnh ở trẻ nhỏ (chỉ đi kèm với gói GeneMap-Kid):
- Hen phế quản
- Viêm da cơ địa
- Nha chu
- Cận thị
- Táo bón
Giá: 400.000
Embedded Link: No link provided"
SER_12,Sản phẩm và dịch vụ,"GeneMap-Ancestor (Gói sản phẩm mở rộng)
Giá: 500,000","Gói GeneMap-Ancestor cung cấp thông tin về nguồn gốc tổ tiên.
Giá: 500.000",Products and services,"GeneMap-Ancestor (Extension Product Package)
Price: 500,000","The GeneMap-Ancestor package provides information about ancestral origins.
Price: 500,000",,"Topic: Sản phẩm và dịch vụ
Summary: GeneMap-Ancestor (Gói sản phẩm mở rộng)
Giá: 500,000
Description: Gói GeneMap-Ancestor cung cấp thông tin về nguồn gốc tổ tiên.
Giá: 500.000
Embedded Link: No link provided"
SER_13,Sản phẩm và dịch vụ,"GeneMap Combo (Gói sản phẩm chính)
Giá: 10,000,000","Gói GeneMap Combo bao gồm tất cả các tính trạng của gói GeneMap Kid hoặc GeneMap Adult và tất cả các tính trạng mở rộng.
Giá: 10.000.000",Products and services,"GeneMap Combo (Main product package)
Price: 10,000,000","The GeneMap Combo package includes all traits of the GeneMap Kid or GeneMap Adult packages and all expanded traits.
Price: 10,000,000",,"Topic: Sản phẩm và dịch vụ
Summary: GeneMap Combo (Gói sản phẩm chính)
Giá: 10,000,000
Description: Gói GeneMap Combo bao gồm tất cả các tính trạng của gói GeneMap Kid hoặc GeneMap Adult và tất cả các tính trạng mở rộng.
Giá: 10.000.000
Embedded Link: No link provided"
SER_14,Sản phẩm và dịch vụ,"Thẻ GeneMark (Sản phẩm bán thêm) 
Giá: 1,000,000","Thẻ Genemark Genestory là một sản phẩm mới được phát triển bởi Genestory để giúp người dùng truy cập và quản lý dữ liệu gen của họ một cách dễ dàng hơn. Thẻ này có thể được sử dụng để lưu trữ và chia sẻ dữ liệu gen, cũng như để truy cập các dịch vụ phân tích gen của Genestory.

Dưới đây là một số tính năng chính của thẻ Genemark Genestory:

- Lưu trữ dữ liệu gen: Thẻ Genemark Genestory cho phép bạn lưu trữ dữ liệu gen của bạn một cách an toàn và bảo mật. Dữ liệu của bạn được mã hóa và lưu trữ trên các máy chủ an toàn của Genestory.
- Chia sẻ dữ liệu gen: Bạn có thể dễ dàng chia sẻ dữ liệu gen của bạn với những người khác, chẳng hạn như bác sĩ, nhà nghiên cứu hoặc các thành viên gia đình.
- Truy cập các dịch vụ phân tích gen: Thẻ Genemark Genestory cho phép bạn truy cập các dịch vụ phân tích gen của Genestory, chẳng hạn như phân tích nguy cơ mắc bệnh, phân tích tổ tiên và phân tích di truyền.",Products and services,"GeneMark Tag (Upsell Product)
Price: 1,000,000","The Genestory Genemark tag is a new product developed by Genestory to help users access and manage their genomic data more easily. This tag can be used to store and share genomic data, as well as to access Genestory's genomic analysis services.

Here are some key features of the Genemark Genestory tag:

- Storing genetic data: The Genemark Genestory tag allows you to store your genetic data safely and securely. Your data is encrypted and stored on Genestory's secure servers.
- Share genetic data: You can easily share your genetic data with others, such as doctors, researchers or family members.
- Access gene analysis services: The Genemark Genestory tab allows you to access Genestory's gene analysis services, such as disease risk analysis, ancestry analysis, and genetic analysis.",,"Topic: Sản phẩm và dịch vụ
Summary: Thẻ GeneMark (Sản phẩm bán thêm) 
Giá: 1,000,000
Description: Thẻ Genemark Genestory là một sản phẩm mới được phát triển bởi Genestory để giúp người dùng truy cập và quản lý dữ liệu gen của họ một cách dễ dàng hơn. Thẻ này có thể được sử dụng để lưu trữ và chia sẻ dữ liệu gen, cũng như để truy cập các dịch vụ phân tích gen của Genestory.

Dưới đây là một số tính năng chính của thẻ Genemark Genestory:

- Lưu trữ dữ liệu gen: Thẻ Genemark Genestory cho phép bạn lưu trữ dữ liệu gen của bạn một cách an toàn và bảo mật. Dữ liệu của bạn được mã hóa và lưu trữ trên các máy chủ an toàn của Genestory.
- Chia sẻ dữ liệu gen: Bạn có thể dễ dàng chia sẻ dữ liệu gen của bạn với những người khác, chẳng hạn như bác sĩ, nhà nghiên cứu hoặc các thành viên gia đình.
- Truy cập các dịch vụ phân tích gen: Thẻ Genemark Genestory cho phép bạn truy cập các dịch vụ phân tích gen của Genestory, chẳng hạn như phân tích nguy cơ mắc bệnh, phân tích tổ tiên và phân tích di truyền.
Embedded Link: No link provided"
SER_15,Sản phẩm và dịch vụ,Thời gian trả dịch vụ,14 ngày kể từ ngày lấy mẫu,Products and services,Service payment time,14 days from the date of sampling,,"Topic: Sản phẩm và dịch vụ
Summary: Thời gian trả dịch vụ
Description: 14 ngày kể từ ngày lấy mẫu
Embedded Link: No link provided"
SER_16,Sản phẩm và dịch vụ,Công nghệ xét nghiệm,Công nghệ xét nghiệm: Micro-array và PCR,Products and services,Testing technology,Testing technology: Micro-array and PCR,,"Topic: Sản phẩm và dịch vụ
Summary: Công nghệ xét nghiệm
Description: Công nghệ xét nghiệm: Micro-array và PCR
Embedded Link: No link provided"
